timestamp,density,speed_kph,v_max_kph_used,load_tons,stress_mpa_proxy,reliability_beta,env_stress,k_mpa_per_ton,sim_fatigue,sim_shockwave,avg_density,max_stress,source
2026-01-31T02:20:22.424065+00:00,0.03,,80.0,0.0,0.0,9.999999999999991,15.1,0.6,100.0,0.10441806863634479,0.09543656225446663,51.9884687443203,live_camera
2026-01-31T02:20:26.325990+00:00,0.03,,80.0,0.0,0.0,9.999999999999991,15.1,0.6,100.0,0.10880893297822883,0.09593132170571873,51.074611530704736,live_camera
2026-01-31T02:20:30.510726+00:00,0.03,,80.0,0.0,0.0,9.999999999999991,15.1,0.6,100.0,0.10760881999967933,0.09423293533097427,51.829937863972276,live_camera
2026-01-31T02:20:34.402691+00:00,0.03,,80.0,0.0,0.0,9.999999999999991,15.1,0.6,100.0,0.1048872131818996,0.09408688450627602,48.97464953592699,live_camera
2026-01-31T02:20:38.354573+00:00,0.03,,80.0,0.0,0.0,9.999999999999991,15.1,0.6,100.0,0.1151713141732256,0.09445492068958884,51.441421550744096,live_camera
2026-01-31T02:20:42.502848+00:00,0.03,,80.0,0.0,0.0,9.999999999999991,15.1,0.6,100.0,0.1309370231347698,0.09235972452865025,52.473012953754505,live_camera
2026-01-31T02:20:46.690578+00:00,0.03,,80.0,0.0,0.0,9.999999999999991,15.1,0.6,100.0,0.11049303851395224,0.09538979853705136,50.725946451458,live_camera
2026-01-31T02:20:50.736552+00:00,0.03,,80.0,0.0,0.0,9.999999999999991,15.1,0.6,100.0,0.10669911440599215,0.09429407566269948,49.101971406324886,live_camera
2026-01-31T02:20:55.731758+00:00,0.03,,80.0,0.0,0.0,9.999999999999991,15.1,0.6,100.0,0.12816814145149205,0.0946806024355889,50.55386713010663,live_camera
2026-01-31T02:20:59.753984+00:00,0.03,,80.0,0.0,0.0,9.999999999999991,15.1,0.6,100.0,0.14331111926775048,0.09455812048815321,51.71314876354849,live_camera
2026-01-31T02:21:04.611987+00:00,0.03,,80.0,0.0,0.0,9.999999999999991,15.1,0.6,100.0,0.1294863088075557,0.09289913023665021,52.22594311862342,live_camera
2026-01-31T02:21:09.608981+00:00,0.03,,80.0,0.0,0.0,9.999999999999991,15.1,0.6,100.0,0.13366094387772287,0.09553927630343283,52.11233385859748,live_camera
2026-01-31T02:21:13.730638+00:00,0.03,,80.0,0.0,0.0,9.999999999999991,15.1,0.6,100.0,0.11660823238995971,0.09522893629455806,52.87345204637505,live_camera
2026-01-31T02:21:17.951258+00:00,0.0011,,80.0,4.0,2.4,9.90354365522231,15.1,0.6,100.0,0.12371160406129976,0.0928112885152217,47.42040502167697,live_camera
2026-01-31T02:21:21.898117+00:00,0.03,,80.0,0.0,0.0,9.999999999999991,15.1,0.6,100.0,0.11651896268375517,0.0945670053020176,50.6275287388489,live_camera
2026-01-31T02:21:25.814420+00:00,0.03,,80.0,0.0,0.0,9.999999999999991,15.1,0.6,100.0,0.10126760495910721,0.0949652526490097,51.49724054236911,live_camera
2026-01-31T02:21:29.949068+00:00,0.03,,80.0,0.0,0.0,9.999999999999991,15.1,0.6,100.0,0.10640073785278646,0.09541900196912322,52.40740559255832,live_camera
2026-01-31T02:21:33.954758+00:00,0.03,,80.0,0.0,0.0,9.999999999999991,15.1,0.6,100.0,0.09366713787617165,0.0946836684216243,50.1965210528474,live_camera
2026-01-31T02:21:38.009996+00:00,0.03,,80.0,0.0,0.0,9.999999999999991,15.1,0.6,100.0,0.11265175755198106,0.094012187244414,50.96274042715354,live_camera
2026-01-31T02:21:42.222513+00:00,0.03,,80.0,0.0,0.0,9.999999999999991,15.1,0.6,100.0,0.11823405711815917,0.09460575790618089,51.410336255378965,live_camera
2026-01-31T02:21:46.219294+00:00,0.03,,80.0,0.0,0.0,9.999999999999991,15.1,0.6,100.0,0.11659476759155797,0.09508287322671832,53.5120704847039,live_camera
2026-01-31T02:21:50.128349+00:00,0.03,,80.0,0.0,0.0,9.999999999999991,15.1,0.6,100.0,0.15331194944010523,0.0915404243807573,48.649248759206635,live_camera
2026-01-31T02:21:54.027157+00:00,0.03,,80.0,0.0,0.0,9.999999999999991,15.1,0.6,100.0,0.11171425246711583,0.09528718019028883,50.73078475532478,live_camera
2026-01-31T02:21:57.987912+00:00,0.03,,80.0,0.0,0.0,9.999999999999991,15.1,0.6,100.0,0.11238504399430736,0.09442251195949604,50.649633529075764,live_camera
2026-01-31T02:22:02.632321+00:00,0.0006,,80.0,2.0,1.2,9.951885354941062,15.1,0.6,100.0,0.15734673385752523,0.0934104643941013,49.07915692066629,live_camera
2026-01-31T02:22:06.440937+00:00,0.03,,80.0,0.0,0.0,9.999999999999991,15.1,0.6,100.0,0.123659303457412,0.09538464120373145,53.62077837506828,live_camera
2026-01-31T02:22:10.437743+00:00,0.03,,80.0,0.0,0.0,9.999999999999991,15.1,0.6,100.0,0.1290164505254997,0.09505461565853089,50.4053055612679,live_camera
2026-01-31T02:22:14.583395+00:00,0.03,,80.0,0.0,0.0,9.999999999999991,15.1,0.6,100.0,0.1315614284125973,0.09463185463433638,50.74632541830783,live_camera
2026-01-31T02:22:18.673067+00:00,0.03,,80.0,0.0,0.0,9.999999999999991,15.1,0.6,100.0,0.15709571523804616,0.09444205425107287,51.42770365288679,live_camera
2026-01-31T02:22:22.935893+00:00,0.03,,80.0,0.0,0.0,9.999999999999991,15.1,0.6,100.0,0.11449465830510973,0.09458453060950657,50.34944907745471,live_camera
2026-01-31T02:22:26.767957+00:00,0.03,,80.0,0.0,0.0,9.999999999999991,15.1,0.6,100.0,0.10732256375893531,0.09450982258417605,50.44664357106934,live_camera
2026-01-31T02:22:31.022933+00:00,0.03,,80.0,0.0,0.0,9.999999999999991,15.1,0.6,100.0,0.13185226506924547,0.09573178355549196,51.03702411035334,live_camera
2026-01-31T02:22:34.991303+00:00,0.03,,80.0,0.0,0.0,9.999999999999991,15.1,0.6,100.0,0.08486883540273134,0.09392530686201725,50.25326131185794,live_camera
2026-01-31T02:22:38.992945+00:00,0.0011,,80.0,4.0,2.4,9.90354365522231,15.1,0.6,100.0,0.12862842242363334,0.09462899888849402,48.69361431813916,live_camera
2026-01-31T02:22:42.934463+00:00,0.03,,80.0,0.0,0.0,9.999999999999991,15.1,0.6,100.0,0.10635046103057175,0.09524433023688851,52.21354638587054,live_camera
2026-01-31T02:22:46.761044+00:00,0.03,,80.0,0.0,0.0,9.999999999999991,15.1,0.6,100.0,0.08416176305498557,0.09450253118960829,50.950952633788305,live_camera
2026-01-31T02:22:50.729198+00:00,0.03,,80.0,0.0,0.0,9.999999999999991,15.1,0.6,100.0,0.11462967874151943,0.09452780703777544,52.48913530512982,live_camera
2026-01-31T02:22:54.727335+00:00,0.03,,80.0,0.0,0.0,9.999999999999991,15.1,0.6,100.0,0.13310307711860664,0.09431375531090698,51.83823842543986,live_camera
2026-01-31T02:22:59.491739+00:00,0.03,,80.0,0.0,0.0,9.999999999999991,15.1,0.6,100.0,0.13881341175262488,0.0946970926717615,51.645610134504196,live_camera
2026-01-31T02:23:03.390334+00:00,0.03,,80.0,0.0,0.0,9.999999999999991,15.1,0.6,100.0,0.1485830269015997,0.09691059862846639,53.424871924936724,live_camera
2026-01-31T02:23:07.417296+00:00,0.0006,,80.0,2.0,1.2,9.951885354941062,15.1,0.6,100.0,0.1291659346952793,0.09443646309979199,47.672256534599725,live_camera
2026-01-31T02:23:11.286087+00:00,0.03,,80.0,0.0,0.0,9.999999999999991,15.1,0.6,100.0,0.1295281183048977,0.09472191399474483,51.17579119227229,live_camera
2026-01-31T02:23:15.294236+00:00,0.03,,80.0,0.0,0.0,9.999999999999991,15.1,0.6,100.0,0.12052473266882371,0.09327925207477011,51.277535311433084,live_camera
2026-01-31T02:23:20.487658+00:00,0.03,,80.0,0.0,0.0,9.999999999999991,15.1,0.6,100.0,0.11481585444509268,0.09394658078119003,49.769313460909,live_camera
2026-01-31T02:23:24.360496+00:00,0.03,,80.0,0.0,0.0,9.999999999999991,15.1,0.6,100.0,0.12838808802184828,0.0952711995091578,51.764001839658704,live_camera
2026-01-31T02:23:28.265531+00:00,0.0006,,80.0,2.0,1.2,9.951885354941062,15.1,0.6,100.0,0.12662043722318142,0.09441599206947458,47.62406981198288,live_camera
2026-01-31T02:23:32.190623+00:00,0.0006,22.860000000000007,22.860000000000007,2.0,1.2,9.951885354941062,15.1,0.6,1.261491476077637,8.426441040727126e-06,0.0006005222089511198,0.6063037500397589,live_camera
2026-01-31T02:23:36.018604+00:00,0.03,,80.0,0.0,0.0,9.999999999999991,15.1,0.6,100.0,0.13781217633949078,0.09486862119862655,54.46503601560714,live_camera
2026-01-31T02:23:39.933212+00:00,0.03,,80.0,0.0,0.0,9.999999999999991,15.1,0.6,100.0,0.11994980082880624,0.09528837967598758,49.165736750419505,live_camera
2026-01-31T02:23:43.895762+00:00,0.03,,80.0,0.0,0.0,9.999999999999991,15.1,0.6,100.0,0.1255537123744702,0.09449860890347143,49.896771258273525,live_camera
2026-01-31T02:23:48.086316+00:00,0.03,,80.0,0.0,0.0,9.999999999999991,15.1,0.6,100.0,0.1130136798826216,0.09473681780037152,52.6985145352869,live_camera
2026-01-31T02:23:52.558955+00:00,0.03,,80.0,0.0,0.0,9.999999999999991,15.1,0.6,100.0,0.12388810677084333,0.09561670372948715,50.9604199310111,live_camera
2026-01-31T02:23:56.692244+00:00,0.03,,80.0,0.0,0.0,9.999999999999991,15.1,0.6,100.0,0.1141799975832971,0.09385322949393321,51.66514569173999,live_camera
2026-01-31T02:24:00.801369+00:00,0.0006,,80.0,2.0,1.2,9.951885354941062,15.1,0.6,100.0,0.12285619915053184,0.09284900047835856,48.03855078384253,live_camera
2026-01-31T02:24:05.784719+00:00,0.0011,18.900000000000006,18.900000000000006,19.5,11.7,9.521578432339567,15.1,0.6,1.9956372127151658,2.8591145965465285e-05,0.001110631916617756,0.74978386070835,live_camera
2026-01-31T02:24:09.727889+00:00,0.0011,0.0,0.0,19.5,11.7,9.521578432339567,15.1,0.6,2.086289518585088,0.0,0.0013955113836689552,0.6977556918344775,live_camera
2026-01-31T02:24:14.422324+00:00,0.03,,80.0,0.0,0.0,9.999999999999991,15.1,0.6,100.0,0.1329919875241752,0.09396207817810524,50.29382513260563,live_camera
2026-01-31T02:24:18.254862+00:00,0.03,,80.0,0.0,0.0,9.999999999999991,15.1,0.6,100.0,0.12345815416570523,0.09522233734625524,49.91568051546139,live_camera
2026-01-31T02:24:22.192341+00:00,0.03,,80.0,0.0,0.0,9.999999999999991,15.1,0.6,100.0,0.13156587053364716,0.0954261702149129,51.51917105517796,live_camera
2026-01-31T02:24:26.270399+00:00,0.03,,80.0,0.0,0.0,9.999999999999991,15.1,0.6,100.0,0.12143378364243841,0.0948446406487632,52.64530669892461,live_camera
2026-01-31T02:24:30.059549+00:00,0.03,,80.0,0.0,0.0,9.999999999999991,15.1,0.6,100.0,0.108414121273093,0.09459421643157101,50.73644012873767,live_camera
2026-01-31T02:24:33.886821+00:00,0.03,,80.0,0.0,0.0,9.999999999999991,15.1,0.6,100.0,0.11912012615972771,0.09609232810278162,50.39442840369477,live_camera
2026-01-31T02:24:37.878880+00:00,0.03,,80.0,0.0,0.0,9.999999999999991,15.1,0.6,100.0,0.11798125928146116,0.09554943980722803,51.375240320536186,live_camera
2026-01-31T02:24:41.731920+00:00,0.03,,80.0,0.0,0.0,9.999999999999991,15.1,0.6,100.0,0.1077985518209476,0.09423939886945544,50.593271342087334,live_camera
2026-01-31T02:24:45.665160+00:00,0.03,,80.0,0.0,0.0,9.999999999999991,15.1,0.6,100.0,0.1261797199656344,0.09356311382960915,49.91481095304548,live_camera
2026-01-31T02:24:49.454758+00:00,0.03,,80.0,0.0,0.0,9.999999999999991,15.1,0.6,100.0,0.12149933899162181,0.09522059173927457,51.09408714090876,live_camera
2026-01-31T02:24:53.315829+00:00,0.03,,80.0,0.0,0.0,9.999999999999991,15.1,0.6,100.0,0.1022365862768806,0.09477887887381452,54.03883901412214,live_camera
2026-01-31T02:24:57.519946+00:00,0.0006,,80.0,2.0,1.2,9.951885354941062,15.1,0.6,100.0,0.11089625699622721,0.09203374668525824,47.28391401873209,live_camera
2026-01-31T02:25:01.576854+00:00,0.03,,80.0,0.0,0.0,9.999999999999991,15.1,0.6,100.0,0.10781934688853197,0.09378306787526469,50.5438646912331,live_camera
2026-01-31T02:25:05.531801+00:00,0.03,,80.0,0.0,0.0,9.999999999999991,15.1,0.6,100.0,0.11537203705093275,0.09381343277684123,49.691785534322364,live_camera
2026-01-31T02:25:10.550786+00:00,0.03,,80.0,0.0,0.0,9.999999999999991,15.1,0.6,100.0,0.1156241790979628,0.09564173741755386,54.711631973498484,live_camera
2026-01-31T02:25:14.469335+00:00,0.03,,80.0,0.0,0.0,9.999999999999991,15.1,0.6,100.0,0.12023419342269415,0.09278981847907214,49.80762815164912,live_camera
2026-01-31T02:25:20.839982+00:00,0.0006,,80.0,2.0,1.2,9.951885354941062,15.1,0.6,100.0,0.12621104562912797,0.09482272779601592,51.82083713062228,live_camera
2026-01-31T02:25:24.708097+00:00,0.03,,80.0,0.0,0.0,9.999999999999991,15.1,0.6,100.0,0.11459079906310635,0.09559618935098681,49.665802616197816,live_camera
2026-01-31T02:25:31.817176+00:00,0.03,,80.0,0.0,0.0,9.999999999999991,15.1,0.6,100.0,0.11265467749280737,0.09457767718221052,52.12191611020962,live_camera
2026-01-31T02:25:35.835017+00:00,0.03,,80.0,0.0,0.0,9.999999999999991,15.1,0.6,100.0,0.12219640262650036,0.09514337100944453,50.083951661107825,live_camera
2026-01-31T02:25:40.097422+00:00,0.03,,80.0,0.0,0.0,9.999999999999991,15.1,0.6,100.0,0.10550346075665891,0.09590442146613035,50.59886024823484,live_camera
2026-01-31T02:25:44.010566+00:00,0.03,,80.0,0.0,0.0,9.999999999999991,15.1,0.6,100.0,0.12483500378639083,0.09545908220244846,51.41184665659419,live_camera
2026-01-31T02:25:48.003850+00:00,0.03,,80.0,0.0,0.0,9.999999999999991,15.1,0.6,100.0,0.10416677799980478,0.093468024429977,49.664695516792534,live_camera
2026-01-31T02:25:52.044347+00:00,0.03,,80.0,0.0,0.0,9.999999999999991,15.1,0.6,100.0,0.13487575731634863,0.09610579471473853,53.127863698472254,live_camera
2026-01-31T02:25:55.935493+00:00,0.0011,,80.0,4.0,2.4,9.90354365522231,15.1,0.6,100.0,0.13174257952893456,0.09427862618615,49.37117221497335,live_camera
2026-01-31T02:25:59.922545+00:00,0.0011,0.0,0.0,4.0,2.4,9.90354365522231,15.1,0.6,2.174621668463418,0.0,0.0014545964337547947,0.7272982168773973,live_camera
2026-01-31T02:26:03.966046+00:00,0.03,,80.0,0.0,0.0,9.999999999999991,15.1,0.6,100.0,0.10401863594559746,0.09566060485157978,50.4384023704364,live_camera
2026-01-31T02:26:07.885142+00:00,0.0006,,80.0,2.0,1.2,9.951885354941062,15.1,0.6,100.0,0.12609864816351168,0.0934847522135819,48.526102347641405,live_camera
2026-01-31T02:26:12.064621+00:00,0.03,,80.0,0.0,0.0,9.999999999999991,15.1,0.6,100.0,0.1309750883981376,0.09518085347074648,49.29567899758342,live_camera
2026-01-31T02:26:16.126255+00:00,0.0006,,80.0,2.0,1.2,9.951885354941062,15.1,0.6,100.0,0.14280602442536514,0.09402106572361878,49.78306881110679,live_camera
2026-01-31T02:26:19.967393+00:00,0.0006,0.0,0.0,2.0,1.2,9.951885354941062,15.1,0.6,1.7213200608642218,0.0,0.0011513846560964696,0.5756923280482347,live_camera
2026-01-31T02:26:23.965802+00:00,0.0006,38.34,38.34,2.0,1.2,9.951885354941062,15.1,0.6,2.4977631407664065,0.0002903952698597949,0.0006181781076594551,1.6136558147701257,live_camera
2026-01-31T02:26:27.947652+00:00,0.03,,80.0,0.0,0.0,9.999999999999991,15.1,0.6,100.0,0.09102064402724878,0.09606567038368147,51.82767525664188,live_camera
2026-01-31T02:26:32.043855+00:00,0.03,,80.0,0.0,0.0,9.999999999999991,15.1,0.6,100.0,0.1130790993523232,0.09479236942102189,51.248117951048954,live_camera
2026-01-31T02:26:36.018365+00:00,0.03,,80.0,0.0,0.0,9.999999999999991,15.1,0.6,100.0,0.1122517231754817,0.09547499512641079,51.84375593999331,live_camera
2026-01-31T02:26:39.769141+00:00,0.03,,80.0,0.0,0.0,9.999999999999991,15.1,0.6,100.0,0.11242846490244034,0.09533101296054815,50.31231967132938,live_camera
2026-01-31T02:26:43.794798+00:00,0.03,,80.0,0.0,0.0,9.999999999999991,15.1,0.6,100.0,0.13423221811402442,0.09399534119426843,50.84996079309303,live_camera
2026-01-31T02:26:47.947636+00:00,0.03,,80.0,0.0,0.0,9.999999999999991,15.1,0.6,100.0,0.13014304855860367,0.09413043072051802,52.1014970693028,live_camera
2026-01-31T02:26:52.089561+00:00,0.03,,80.0,0.0,0.0,9.999999999999991,15.1,0.6,100.0,0.10401810398145477,0.09366762452170527,49.64504418510274,live_camera
2026-01-31T02:26:56.882745+00:00,0.03,,80.0,0.0,0.0,9.999999999999991,15.1,0.6,100.0,0.10870785397690894,0.09570923601915161,50.24477290919718,live_camera
2026-01-31T02:27:00.774339+00:00,0.03,,80.0,0.0,0.0,9.999999999999991,15.1,0.6,100.0,0.11385629892758388,0.09482206665010694,53.023651840937205,live_camera
2026-01-31T02:27:05.029779+00:00,0.03,,80.0,0.0,0.0,9.999999999999991,15.1,0.6,100.0,0.11651148850780767,0.09311835123574451,49.30438549071381,live_camera
2026-01-31T02:27:10.620315+00:00,0.03,,80.0,0.0,0.0,9.999999999999991,15.1,0.6,100.0,0.1065452030471722,0.09632278188947042,52.10177854147189,live_camera
2026-01-31T02:27:14.559069+00:00,0.03,,80.0,0.0,0.0,9.999999999999991,15.1,0.6,100.0,0.12057133247820104,0.09458470902266186,51.53546614589426,live_camera
2026-01-31T02:27:18.846879+00:00,0.0006,,80.0,2.0,1.2,9.951885354941062,15.1,0.6,100.0,0.12220745125660547,0.09142295108498087,46.091750268106495,live_camera
2026-01-31T02:27:22.819342+00:00,0.03,,80.0,0.0,0.0,9.999999999999991,15.1,0.6,100.0,0.10508724589916463,0.09510034663806675,54.428577020831405,live_camera
2026-01-31T02:27:26.805396+00:00,0.0006,,80.0,2.0,1.2,9.951885354941062,15.1,0.6,100.0,0.11810551204515093,0.09372349112793307,47.5317813031944,live_camera
2026-01-31T02:27:32.139006+00:00,0.0006,15.840000000000002,15.840000000000002,2.0,1.2,9.951885354941062,15.1,0.6,1.4505855875836886,4.306373749674329e-05,0.0007835844197305663,0.6026401032402967,live_camera
2026-01-31T02:27:36.317434+00:00,0.03,,80.0,0.0,0.0,9.999999999999991,15.1,0.6,100.0,0.12388689643903956,0.09612109282475613,51.629075170921965,live_camera
2026-01-31T02:27:40.623258+00:00,0.03,,80.0,0.0,0.0,9.999999999999991,15.1,0.6,100.0,0.11104860100309676,0.09382079320920443,50.73928776355251,live_camera
2026-01-31T02:27:44.749892+00:00,0.03,,80.0,0.0,0.0,9.999999999999991,15.1,0.6,100.0,0.1226404053233152,0.09447133703718923,50.488822874096385,live_camera
2026-01-31T02:27:48.747993+00:00,0.03,,80.0,0.0,0.0,9.999999999999991,15.1,0.6,100.0,0.10856397643172004,0.09514296476212868,52.421203884118825,live_camera
2026-01-31T02:27:52.823196+00:00,0.03,,80.0,0.0,0.0,9.999999999999991,15.1,0.6,100.0,0.12743601699714416,0.09439486269569891,49.712427246940166,live_camera
2026-01-31T02:27:56.781365+00:00,0.03,,80.0,0.0,0.0,9.999999999999991,15.1,0.6,100.0,0.10344555817499375,0.09456808717403171,51.431990746538126,live_camera
2026-01-31T02:28:00.726140+00:00,0.0006,,80.0,2.0,1.2,9.951885354941062,15.1,0.6,100.0,0.11591109466080321,0.09174885728803729,47.803675978802254,live_camera
2026-01-31T02:28:04.602111+00:00,0.0006,0.0,0.0,2.0,1.2,9.951885354941062,15.1,0.6,1.7097240930176716,0.0,0.0011436281558646632,0.5718140779323316,live_camera
2026-01-31T02:28:08.689296+00:00,0.03,,80.0,0.0,0.0,9.999999999999991,15.1,0.6,100.0,0.1445945309271608,0.0934299168803165,49.457152092992665,live_camera
2026-01-31T02:28:12.525299+00:00,0.03,,80.0,0.0,0.0,9.999999999999991,15.1,0.6,100.0,0.1183011727674251,0.09335540321463914,48.86882993079393,live_camera
2026-01-31T02:28:17.287147+00:00,0.03,,80.0,0.0,0.0,9.999999999999991,15.1,0.6,100.0,0.13417727510479496,0.09617295256866187,54.27420850555297,live_camera
2026-01-31T02:28:21.224318+00:00,0.03,,80.0,0.0,0.0,9.999999999999991,15.1,0.6,100.0,0.09770933960223185,0.09514070205737672,51.88585120488558,live_camera
2026-01-31T02:28:25.968106+00:00,0.03,,80.0,0.0,0.0,9.999999999999991,15.1,0.6,100.0,0.09412975104840547,0.09420269933167515,50.79610077934782,live_camera
2026-01-31T02:28:30.194504+00:00,0.03,,80.0,0.0,0.0,9.999999999999991,15.1,0.6,100.0,0.12239639067483908,0.09456067108816825,50.898742393972384,live_camera
2026-01-31T02:28:34.416507+00:00,0.03,,80.0,0.0,0.0,9.999999999999991,15.1,0.6,100.0,0.10295841270570519,0.09583346626170935,54.58870934295301,live_camera
2026-01-31T02:28:38.384236+00:00,0.03,,80.0,0.0,0.0,9.999999999999991,15.1,0.6,100.0,0.1166236328251275,0.09346790189038848,49.42653533563202,live_camera
2026-01-31T02:28:42.184954+00:00,0.03,,80.0,0.0,0.0,9.999999999999991,15.1,0.6,100.0,0.12787629885451357,0.0938899080174353,51.429357352767845,live_camera
2026-01-31T02:28:46.051948+00:00,0.03,,80.0,0.0,0.0,9.999999999999991,15.1,0.6,100.0,0.1292365107977059,0.09208930559883975,48.624441242597634,live_camera
2026-01-31T02:28:50.141438+00:00,0.03,,80.0,0.0,0.0,9.999999999999991,15.1,0.6,100.0,0.14591575309199542,0.09317152692014229,49.52555826978952,live_camera
2026-01-31T02:28:55.392498+00:00,0.03,,80.0,0.0,0.0,9.999999999999991,15.1,0.6,100.0,0.14811839838677854,0.0940412001765834,50.7085687918434,live_camera
2026-01-31T02:29:00.831335+00:00,0.03,,80.0,0.0,0.0,9.999999999999991,15.1,0.6,100.0,0.12727800888657495,0.09376216847710772,49.296749470042386,live_camera
2026-01-31T02:29:04.954705+00:00,0.03,,80.0,0.0,0.0,9.999999999999991,15.1,0.6,100.0,0.10479540276467102,0.09328781465492102,51.38836936912281,live_camera
2026-01-31T02:29:07.933152+00:00,0.03,,80.0,0.0,0.0,9.999999999999991,15.1,0.6,100.0,0.1167800911764207,0.09500479530907321,50.688559400730306,live_camera
2026-01-31T02:29:08.928889+00:00,0.0011,,80.0,4.0,2.4,9.90354365522231,15.1,0.6,100.0,0.12340255854939068,0.09487351405499425,49.64635092017016,live_camera
2026-01-31T02:29:12.075074+00:00,0.0006,,80.0,2.0,1.2,9.951885354941062,15.1,0.6,100.0,0.11192925388776732,0.09294005268889784,47.10309134233117,live_camera
2026-01-31T02:29:12.701402+00:00,0.0006,15.659999999999998,15.659999999999998,2.0,1.2,9.951885354941062,15.1,0.6,1.254541891906782,6.579642474795718e-05,0.0007323725602566175,0.4771239384547079,live_camera
2026-01-31T02:29:16.494391+00:00,0.0011,2.7,2.7,4.0,2.4,9.90354365522231,15.1,0.6,2.047425645958262,4.269959050233486e-05,0.0013457627604253723,0.6920659911606393,live_camera
2026-01-31T02:29:16.855290+00:00,0.0011,2.7,2.7,4.0,2.4,9.90354365522231,15.1,0.6,2.2056598871105533,3.119323676973592e-05,0.001479450531016112,0.743112137242504,live_camera
2026-01-31T02:29:20.809322+00:00,0.03,,80.0,0.0,0.0,9.999999999999991,15.1,0.6,100.0,0.09638021942427867,0.09464604645927817,51.73878401763387,live_camera
2026-01-31T02:29:20.812315+00:00,0.03,,80.0,0.0,0.0,9.999999999999991,15.1,0.6,100.0,0.10980623172822083,0.09691661423564661,52.94728778555846,live_camera
2026-01-31T02:29:24.769368+00:00,0.03,,80.0,0.0,0.0,9.999999999999991,15.1,0.6,100.0,0.12780851118890155,0.09604943695200195,51.23812912177805,live_camera
2026-01-31T02:29:24.931305+00:00,0.03,,80.0,0.0,0.0,9.999999999999991,15.1,0.6,100.0,0.1334361002962437,0.09449710629596,51.61722687685898,live_camera
2026-01-31T02:29:28.601869+00:00,0.03,,80.0,0.0,0.0,9.999999999999991,15.1,0.6,100.0,0.14765603812726194,0.0945001713949348,49.13396917430253,live_camera
2026-01-31T02:29:28.766108+00:00,0.03,,80.0,0.0,0.0,9.999999999999991,15.1,0.6,100.0,0.11328483409322095,0.09561879369793386,56.1075310708817,live_camera
2026-01-31T02:29:32.788051+00:00,0.03,,80.0,0.0,0.0,9.999999999999991,15.1,0.6,100.0,0.12308402114133611,0.0952349613096362,50.908388035250866,live_camera
2026-01-31T02:29:32.796272+00:00,0.03,,80.0,0.0,0.0,9.999999999999991,15.1,0.6,100.0,0.1096905669773499,0.09358733831398978,51.64115514212044,live_camera
2026-01-31T02:29:36.877341+00:00,0.03,,80.0,0.0,0.0,9.999999999999991,15.1,0.6,100.0,0.1418857985701093,0.09375799693250367,52.20604401263023,live_camera
2026-01-31T02:29:36.910513+00:00,0.03,,80.0,0.0,0.0,9.999999999999991,15.1,0.6,100.0,0.15116015448550654,0.09532982069790936,51.94727054738737,live_camera
2026-01-31T02:29:40.657155+00:00,0.0006,,80.0,2.0,1.2,9.951885354941062,15.1,0.6,100.0,0.13280994715437822,0.09478763308332755,48.198982920710584,live_camera
2026-01-31T02:29:40.932097+00:00,0.0006,,80.0,2.0,1.2,9.951885354941062,15.1,0.6,100.0,0.15562918265915485,0.09494260869357066,48.23743975752872,live_camera
2026-01-31T02:29:44.511295+00:00,0.0006,0.0,0.0,2.0,1.2,9.951885354941062,15.1,0.6,1.5840698096215966,0.0,0.0010595784679743121,0.5297892339871559,live_camera
2026-01-31T02:29:44.692454+00:00,0.0006,0.0,0.0,2.0,1.2,9.951885354941062,15.1,0.6,1.8730341036899572,0.0,0.0012528656211972958,0.6264328105986479,live_camera
2026-01-31T02:29:48.578450+00:00,0.03,,80.0,0.0,0.0,9.999999999999991,15.1,0.6,100.0,0.10956850167443927,0.09511275413884196,52.38149204210644,live_camera
2026-01-31T02:29:48.674595+00:00,0.03,,80.0,0.0,0.0,9.999999999999991,15.1,0.6,100.0,0.1203850014261837,0.09396055494390715,50.0810189370108,live_camera
2026-01-31T02:29:52.490205+00:00,0.03,,80.0,0.0,0.0,9.999999999999991,15.1,0.6,100.0,0.11521825292985478,0.09325491171459949,49.94637243451931,live_camera
2026-01-31T02:29:52.651255+00:00,0.03,,80.0,0.0,0.0,9.999999999999991,15.1,0.6,100.0,0.12485704429592427,0.09488915193829696,54.367644933718736,live_camera
2026-01-31T02:29:56.644316+00:00,0.03,,80.0,0.0,0.0,9.999999999999991,15.1,0.6,100.0,0.12116430513828681,0.09491299356025945,51.834803445424185,live_camera
2026-01-31T02:29:56.762979+00:00,0.03,,80.0,0.0,0.0,9.999999999999991,15.1,0.6,100.0,0.11496956461960624,0.0946827605595917,50.05598476827714,live_camera
2026-01-31T02:30:00.698195+00:00,0.03,,80.0,0.0,0.0,9.999999999999991,15.1,0.6,100.0,0.11092282545583702,0.09480721389661988,50.696276570140995,live_camera
2026-01-31T02:30:00.861192+00:00,0.03,,80.0,0.0,0.0,9.999999999999991,15.1,0.6,100.0,0.09973380577103454,0.09446187642880878,51.53424865041592,live_camera
2026-01-31T02:30:04.534996+00:00,0.03,,80.0,0.0,0.0,9.999999999999991,15.1,0.6,100.0,0.11232578394788363,0.09269892779634943,50.640646436577356,live_camera
2026-01-31T02:30:04.912691+00:00,0.03,,80.0,0.0,0.0,9.999999999999991,15.1,0.6,100.0,0.11090962033488695,0.09492212552081342,50.26316546764447,live_camera
2026-01-31T02:30:08.596287+00:00,0.03,,80.0,0.0,0.0,9.999999999999991,15.1,0.6,100.0,0.10629933444872593,0.093398528598992,49.5660039534836,live_camera
2026-01-31T02:30:08.788298+00:00,0.03,,80.0,0.0,0.0,9.999999999999991,15.1,0.6,100.0,0.12047478707915164,0.09638047867174376,53.19742268586144,live_camera
2026-01-31T02:30:12.704386+00:00,0.03,,80.0,0.0,0.0,9.999999999999991,15.1,0.6,100.0,0.13014930835314606,0.09504677745868607,51.289639159778076,live_camera
2026-01-31T02:30:12.840171+00:00,0.03,,80.0,0.0,0.0,9.999999999999991,15.1,0.6,100.0,0.10646282506927221,0.09261482760724377,51.4580745461907,live_camera
2026-01-31T02:30:16.676162+00:00,0.03,,80.0,0.0,0.0,9.999999999999991,15.1,0.6,100.0,0.12503969836521947,0.09419904912859665,50.81667235664202,live_camera
2026-01-31T02:30:16.788016+00:00,0.03,,80.0,0.0,0.0,9.999999999999991,15.1,0.6,100.0,0.11106090877967155,0.0960069817423528,49.67022040157473,live_camera
2026-01-31T02:30:20.830298+00:00,0.03,,80.0,0.0,0.0,9.999999999999991,15.1,0.6,100.0,0.11197544097081603,0.09359204229770324,51.25295101037873,live_camera
2026-01-31T02:30:21.725000+00:00,0.03,,80.0,0.0,0.0,9.999999999999991,15.1,0.6,100.0,0.12263397835387171,0.0952562854315678,52.43879980690702,live_camera
2026-01-31T02:30:24.765119+00:00,0.03,,80.0,0.0,0.0,9.999999999999991,15.1,0.6,100.0,0.11870580139193979,0.09462777300642632,53.187474966183586,live_camera
2026-01-31T02:30:26.168151+00:00,0.03,,80.0,0.0,0.0,9.999999999999991,15.1,0.6,100.0,0.10621731126310222,0.09616679847694418,50.96761677620532,live_camera
2026-01-31T02:30:28.694186+00:00,0.03,,80.0,0.0,0.0,9.999999999999991,15.1,0.6,100.0,0.10513065187872077,0.09453488397495552,50.6119997469424,live_camera
2026-01-31T02:30:30.305253+00:00,0.03,,80.0,0.0,0.0,9.999999999999991,15.1,0.6,100.0,0.10696589909570849,0.0948888309847825,52.78489847116183,live_camera
2026-01-31T02:30:33.022067+00:00,0.0006,,80.0,2.0,1.2,9.951885354941062,15.1,0.6,100.0,0.13533735691337756,0.09481447384112726,48.41473369007658,live_camera
2026-01-31T02:30:34.588343+00:00,0.0006,,80.0,2.0,1.2,9.951885354941062,15.1,0.6,100.0,0.15976928859624168,0.09328827630452373,48.56351272319861,live_camera
2026-01-31T02:30:38.625018+00:00,0.0011,,80.0,30.0,18.0,9.256039358832162,15.1,0.6,100.0,0.1330294746180752,0.09518774442087836,50.11386505485326,live_camera
2026-01-31T02:30:38.626073+00:00,0.0011,,80.0,30.0,18.0,9.256039358832162,15.1,0.6,100.0,0.16509309464841146,0.09482729195749341,49.94071560985309,live_camera
2026-01-31T02:30:42.882042+00:00,0.03,,80.0,0.0,0.0,9.999999999999991,15.1,0.6,100.0,0.14158812270670582,0.09472693181684377,50.360464491820544,live_camera
2026-01-31T02:30:43.142038+00:00,0.03,,80.0,0.0,0.0,9.999999999999991,15.1,0.6,100.0,0.11778812993764523,0.09477629157736557,52.08844592099729,live_camera
2026-01-31T02:30:47.031001+00:00,0.03,,80.0,0.0,0.0,9.999999999999991,15.1,0.6,100.0,0.10395572421348542,0.09412376684061761,55.539958302904246,live_camera
2026-01-31T02:30:47.070206+00:00,0.03,,80.0,0.0,0.0,9.999999999999991,15.1,0.6,100.0,0.14774039016064525,0.09646014679607214,51.91725796280202,live_camera
2026-01-31T02:30:51.243514+00:00,0.0006,,80.0,17.5,10.5,9.571561602360415,15.1,0.6,100.0,0.11522007997606369,0.09580789484082214,49.191970111572815,live_camera
2026-01-31T02:30:52.155163+00:00,0.0006,,80.0,17.5,10.5,9.571561602360415,15.1,0.6,100.0,0.15255175524162962,0.09028109386438547,47.36789792874493,live_camera
2026-01-31T02:30:55.460362+00:00,0.0006,,80.0,2.0,1.2,9.951885354941062,15.1,0.6,100.0,0.11803896554412541,0.09288411120248628,48.1148056686189,live_camera
2026-01-31T02:30:56.265945+00:00,0.0006,,80.0,2.0,1.2,9.951885354941062,15.1,0.6,100.0,0.12178514421024182,0.09894207097235751,51.216450213116225,live_camera
2026-01-31T02:30:59.608431+00:00,0.0006,0.0,0.0,2.0,1.2,9.951885354941062,15.1,0.6,1.573855531316528,0.0,0.0010527461747936642,0.5263730873968321,live_camera
2026-01-31T02:31:00.066359+00:00,0.0006,0.0,0.0,2.0,1.2,9.951885354941062,15.1,0.6,1.6260973315016742,0.0,0.001087690522743595,0.5438452613717975,live_camera
2026-01-31T02:31:03.821114+00:00,0.0006,12.239999999999995,12.239999999999995,2.0,1.2,9.951885354941062,15.1,0.6,1.4239208448272387,8.010275788912718e-05,0.0008369840747864274,0.5327937780232845,live_camera
2026-01-31T02:31:04.073157+00:00,0.0006,12.239999999999995,12.239999999999995,2.0,1.2,9.951885354941062,15.1,0.6,1.728817913531354,7.479056738263088e-05,0.0009466485114051358,0.6945811215111168,live_camera
2026-01-31T02:31:07.879366+00:00,0.03,,80.0,0.0,0.0,9.999999999999991,15.1,0.6,100.0,0.12388305370402662,0.09534006020342871,50.61251420233213,live_camera
2026-01-31T02:31:08.258773+00:00,0.03,,80.0,0.0,0.0,9.999999999999991,15.1,0.6,100.0,0.14647432761870896,0.09505620882171559,51.62518477881136,live_camera
2026-01-31T02:31:11.869199+00:00,0.0011,,80.0,4.0,2.4,9.90354365522231,15.1,0.6,100.0,0.1347883513477659,0.09390760735180864,47.28291366273713,live_camera
2026-01-31T02:31:12.350383+00:00,0.0011,,80.0,4.0,2.4,9.90354365522231,15.1,0.6,100.0,0.1338683927999821,0.09444567167116964,49.44511218671438,live_camera
2026-01-31T02:31:15.983457+00:00,0.03,,80.0,0.0,0.0,9.999999999999991,15.1,0.6,100.0,0.16372286933823216,0.09312670980051264,49.17423115378515,live_camera
2026-01-31T02:31:17.441227+00:00,0.03,,80.0,0.0,0.0,9.999999999999991,15.1,0.6,100.0,0.13094226340678616,0.09415371013553128,52.587649758877056,live_camera
2026-01-31T02:31:19.882040+00:00,0.03,,80.0,0.0,0.0,9.999999999999991,15.1,0.6,100.0,0.10308189661611122,0.09458534521320466,49.07298766673176,live_camera
2026-01-31T02:31:21.438581+00:00,0.03,,80.0,0.0,0.0,9.999999999999991,15.1,0.6,100.0,0.10198362734185432,0.09342158498149078,48.894309874807256,live_camera
2026-01-31T02:31:23.832070+00:00,0.03,,80.0,0.0,0.0,9.999999999999991,15.1,0.6,100.0,0.11848657263279935,0.09410264331252005,53.161382668315106,live_camera
2026-01-31T02:31:25.466230+00:00,0.03,,80.0,0.0,0.0,9.999999999999991,15.1,0.6,100.0,0.12485654528183737,0.09491944122506107,51.887292980485725,live_camera
2026-01-31T02:31:27.725060+00:00,0.03,,80.0,0.0,0.0,9.999999999999991,15.1,0.6,100.0,0.1399259437761814,0.09344889215400638,51.88506450827796,live_camera
2026-01-31T02:31:29.332268+00:00,0.03,,80.0,0.0,0.0,9.999999999999991,15.1,0.6,100.0,0.1303928082274506,0.09573277585145146,50.82134413255207,live_camera
2026-01-31T02:31:31.596535+00:00,0.03,,80.0,0.0,0.0,9.999999999999991,15.1,0.6,100.0,0.10517992100989543,0.09511166839007436,51.206441938982,live_camera
2026-01-31T02:31:33.140396+00:00,0.03,,80.0,0.0,0.0,9.999999999999991,15.1,0.6,100.0,0.10941875046702233,0.09607954529543163,53.97550306834182,live_camera
2026-01-31T02:31:36.994022+00:00,0.0006,,80.0,17.5,10.5,9.571561602360415,15.1,0.6,100.0,0.14602174005929236,0.09361267122971392,48.384323362053564,live_camera
2026-01-31T02:31:38.204976+00:00,0.0006,,80.0,17.5,10.5,9.571561602360415,15.1,0.6,100.0,0.14190603563877907,0.09302848831785158,48.58746321238525,live_camera
2026-01-31T02:31:40.961340+00:00,0.0006,,80.0,2.0,1.2,9.951885354941062,15.1,0.6,100.0,0.13814555226040828,0.09227788355502403,46.576021378382606,live_camera
2026-01-31T02:31:42.140601+00:00,0.0006,,80.0,2.0,1.2,9.951885354941062,15.1,0.6,100.0,0.17345587788561462,0.0934407435059387,50.48808966016141,live_camera
2026-01-31T02:31:44.857306+00:00,0.0006,0.0,0.0,2.0,1.2,9.951885354941062,15.1,0.6,1.6427141621497183,0.0,0.0010988054596319187,0.5494027298159593,live_camera
2026-01-31T02:31:45.746830+00:00,0.0006,0.0,0.0,2.0,1.2,9.951885354941062,15.1,0.6,1.83299601665229,0.0,0.0012260842920751103,0.6130421460375551,live_camera
2026-01-31T02:31:48.826198+00:00,0.0006,36.00000000000001,36.00000000000001,2.0,1.2,9.951885354941062,15.1,0.6,1.1371048799194186,5.113636363636364e-05,0.000596590909090909,0.5757055602100398,live_camera
2026-01-31T02:31:49.828656+00:00,0.0006,36.00000000000001,36.00000000000001,2.0,1.2,9.951885354941062,15.1,0.6,1.1330193652718399,4.366072251390192e-05,0.00060291071483426,0.5522239994212371,live_camera
2026-01-31T02:31:52.972064+00:00,0.0006,26.82000000000001,26.82000000000001,2.0,1.2,9.951885354941062,15.1,0.6,1.1687979053733621,3.80965909078853e-05,0.0005965909090902524,0.5245516475672996,live_camera
2026-01-31T02:31:53.795864+00:00,0.0006,26.82000000000001,26.82000000000001,2.0,1.2,9.951885354941062,15.1,0.6,1.1806415222088404,3.2896655758863285e-05,0.0006029437723358493,0.5165040488200603,live_camera
2026-01-31T02:31:56.999235+00:00,0.03,,80.0,0.0,0.0,9.999999999999991,15.1,0.6,100.0,0.15079115440621188,0.09450567868787098,50.234426448861555,live_camera
2026-01-31T02:31:57.602016+00:00,0.03,,80.0,0.0,0.0,9.999999999999991,15.1,0.6,100.0,0.09583658784209975,0.09395632423007383,49.39406688887678,live_camera
2026-01-31T02:32:01.058985+00:00,0.03,,80.0,0.0,0.0,9.999999999999991,15.1,0.6,100.0,0.11270157851456851,0.09596494660138172,50.169991515540346,live_camera
2026-01-31T02:32:01.731504+00:00,0.03,,80.0,0.0,0.0,9.999999999999991,15.1,0.6,100.0,0.11535826234550817,0.09365174351481179,52.28104747551399,live_camera
2026-01-31T02:32:05.065417+00:00,0.03,,80.0,0.0,0.0,9.999999999999991,15.1,0.6,100.0,0.11165432501650407,0.09588068444949113,53.16049045249377,live_camera
2026-01-31T02:32:05.624247+00:00,0.03,,80.0,0.0,0.0,9.999999999999991,15.1,0.6,100.0,0.1068863529059093,0.0954498863798564,53.26103785767796,live_camera
2026-01-31T02:32:09.071207+00:00,0.03,,80.0,0.0,0.0,9.999999999999991,15.1,0.6,100.0,0.10828299811670691,0.0950366783693347,51.97761239760788,live_camera
2026-01-31T02:32:09.627110+00:00,0.03,,80.0,0.0,0.0,9.999999999999991,15.1,0.6,100.0,0.11282488682843378,0.09520443813960093,49.851670989622555,live_camera
2026-01-31T02:32:13.113407+00:00,0.03,,80.0,0.0,0.0,9.999999999999991,15.1,0.6,100.0,0.11491694232650031,0.09425223547948937,51.489787837091704,live_camera
2026-01-31T02:32:13.681285+00:00,0.03,,80.0,0.0,0.0,9.999999999999991,15.1,0.6,100.0,0.1362922393622541,0.09539011635671248,50.52897812976796,live_camera
2026-01-31T02:32:17.020780+00:00,0.03,,80.0,0.0,0.0,9.999999999999991,15.1,0.6,100.0,0.12085973767520182,0.09479666114527782,51.96135296690443,live_camera
2026-01-31T02:32:17.468391+00:00,0.03,,80.0,0.0,0.0,9.999999999999991,15.1,0.6,100.0,0.09890447801066429,0.09559347949564391,51.92022446382965,live_camera
2026-01-31T02:32:21.185312+00:00,0.03,,80.0,0.0,0.0,9.999999999999991,15.1,0.6,100.0,0.11100497471430196,0.09551387436984826,52.20395683783882,live_camera
2026-01-31T02:32:21.415988+00:00,0.03,,80.0,0.0,0.0,9.999999999999991,15.1,0.6,100.0,0.10075947628299671,0.09373242631269459,50.8424373296788,live_camera
2026-01-31T02:32:25.268287+00:00,0.03,,80.0,0.0,0.0,9.999999999999991,15.1,0.6,100.0,0.17271586954531057,0.09457457328184905,53.474890966689514,live_camera
2026-01-31T02:32:26.034864+00:00,0.03,,80.0,0.0,0.0,9.999999999999991,15.1,0.6,100.0,0.10265924266394938,0.09226296534513673,49.45373696275019,live_camera
2026-01-31T02:32:29.888461+00:00,0.03,,80.0,0.0,0.0,9.999999999999991,15.1,0.6,100.0,0.10889698677431663,0.09510056053212508,52.01108739564517,live_camera
2026-01-31T02:32:30.249841+00:00,0.03,,80.0,0.0,0.0,9.999999999999991,15.1,0.6,100.0,0.131109017518956,0.09488175890438999,49.00878229919341,live_camera
2026-01-31T02:32:33.940632+00:00,0.03,,80.0,0.0,0.0,9.999999999999991,15.1,0.6,100.0,0.10723461593700465,0.09488725779649666,51.3734379421088,live_camera
2026-01-31T02:32:34.249275+00:00,0.03,,80.0,0.0,0.0,9.999999999999991,15.1,0.6,100.0,0.15799143425289855,0.094761389980648,50.373366008671425,live_camera
2026-01-31T02:32:38.099044+00:00,0.03,,80.0,0.0,0.0,9.999999999999991,15.1,0.6,100.0,0.10246452966234094,0.09347900298438998,50.100111731741,live_camera
2026-01-31T02:32:38.190061+00:00,0.03,,80.0,0.0,0.0,9.999999999999991,15.1,0.6,100.0,0.12283112344705739,0.0951598336834655,51.4487527913333,live_camera
2026-01-31T02:32:41.836146+00:00,0.03,,80.0,0.0,0.0,9.999999999999991,15.1,0.6,100.0,0.12234617992240715,0.09527402986703892,50.70873163681935,live_camera
2026-01-31T02:32:42.231366+00:00,0.03,,80.0,0.0,0.0,9.999999999999991,15.1,0.6,100.0,0.1045195694542931,0.09399542533247301,51.23683993324506,live_camera
2026-01-31T02:32:45.819483+00:00,0.0011,,80.0,4.0,2.4,9.90354365522231,15.1,0.6,100.0,0.144948074485795,0.09454427903815053,49.119898454280595,live_camera
2026-01-31T02:32:46.106981+00:00,0.0011,,80.0,4.0,2.4,9.90354365522231,15.1,0.6,100.0,0.15317119388328443,0.09533512286584961,51.589951331228654,live_camera
2026-01-31T02:32:49.918131+00:00,0.0011,0.0,0.0,4.0,2.4,9.90354365522231,15.1,0.6,1.9889127549583199,0.0,0.0013303764247212843,0.6651882123606421,live_camera
2026-01-31T02:32:49.998100+00:00,0.0011,0.0,0.0,4.0,2.4,9.90354365522231,15.1,0.6,2.112130206675643,0.0,0.0014127961248666513,0.7063980624333256,live_camera
2026-01-31T02:32:54.127145+00:00,0.0011,38.339999999999996,38.339999999999996,4.0,2.4,9.90354365522231,15.1,0.6,3.023933945664891,9.984374999999998e-05,0.00109375,1.651304368663698,live_camera
2026-01-31T02:32:54.135212+00:00,0.0011,38.339999999999996,38.339999999999996,4.0,2.4,9.90354365522231,15.1,0.6,2.982268149927868,7.939981849011069e-05,0.0011049702546785673,1.6026050605781197,live_camera
2026-01-31T02:32:58.141174+00:00,0.03,,80.0,0.0,0.0,9.999999999999991,15.1,0.6,100.0,0.09686579161808336,0.09493748896300022,49.8211840924533,live_camera
2026-01-31T02:32:58.403029+00:00,0.03,,80.0,0.0,0.0,9.999999999999991,15.1,0.6,100.0,0.11155131305641935,0.0925120141551277,50.59888338775757,live_camera
2026-01-31T02:33:02.072239+00:00,0.03,,80.0,0.0,0.0,9.999999999999991,15.1,0.6,100.0,0.10423432004959059,0.09356925501917321,49.56658368549515,live_camera
2026-01-31T02:33:02.545057+00:00,0.03,,80.0,0.0,0.0,9.999999999999991,15.1,0.6,100.0,0.11193193391640754,0.09242381883674873,52.539959003208835,live_camera
2026-01-31T02:33:06.160243+00:00,0.03,,80.0,0.0,0.0,9.999999999999991,15.1,0.6,100.0,0.12596060269154213,0.0950448601355021,51.4777101660526,live_camera
2026-01-31T02:33:06.451340+00:00,0.03,,80.0,0.0,0.0,9.999999999999991,15.1,0.6,100.0,0.11636629623044467,0.09485158478838224,52.0536952706144,live_camera
2026-01-31T02:33:11.257884+00:00,0.03,,80.0,0.0,0.0,9.999999999999991,15.1,0.6,100.0,0.11703625526042935,0.09603940987445213,52.61414239731834,live_camera
2026-01-31T02:33:11.516586+00:00,0.03,,80.0,0.0,0.0,9.999999999999991,15.1,0.6,100.0,0.10979746662985457,0.09544643126918642,51.78375561485633,live_camera
2026-01-31T02:33:15.098706+00:00,0.03,,80.0,0.0,0.0,9.999999999999991,15.1,0.6,100.0,0.11606457223887362,0.09430608120596987,52.13043420118865,live_camera
2026-01-31T02:33:15.288205+00:00,0.03,,80.0,0.0,0.0,9.999999999999991,15.1,0.6,100.0,0.1057075017848454,0.09465869408054713,50.8342220319716,live_camera
2026-01-31T02:33:19.141637+00:00,0.03,,80.0,0.0,0.0,9.999999999999991,15.1,0.6,100.0,0.15028799584597746,0.09382298405443658,49.30021737512632,live_camera
2026-01-31T02:33:19.811073+00:00,0.03,,80.0,0.0,0.0,9.999999999999991,15.1,0.6,100.0,0.11485671856323372,0.09373613551992346,50.62239955516905,live_camera
2026-01-31T02:33:23.033051+00:00,0.03,,80.0,0.0,0.0,9.999999999999991,15.1,0.6,100.0,0.1494784501231721,0.09409474531160243,50.67243849284927,live_camera
2026-01-31T02:33:25.128011+00:00,0.03,,80.0,0.0,0.0,9.999999999999991,15.1,0.6,100.0,0.10789719443089144,0.09425621746806961,49.64594996182293,live_camera
2026-01-31T02:33:28.038056+00:00,0.03,,80.0,0.0,0.0,9.999999999999991,15.1,0.6,100.0,0.10505627757465573,0.09307441761686018,54.06547149765938,live_camera
2026-01-31T02:33:28.800963+00:00,0.03,,80.0,0.0,0.0,9.999999999999991,15.1,0.6,100.0,0.12215920573044708,0.09431649989755203,51.667021778023056,live_camera
2026-01-31T02:33:31.912202+00:00,0.03,,80.0,0.0,0.0,9.999999999999991,15.1,0.6,100.0,0.12136323483509767,0.0950473570646328,53.24119788921774,live_camera
2026-01-31T02:33:32.961020+00:00,0.03,,80.0,0.0,0.0,9.999999999999991,15.1,0.6,100.0,0.13594252632809198,0.09545469331405493,52.673561416219314,live_camera
2026-01-31T02:33:35.942957+00:00,0.03,,80.0,0.0,0.0,9.999999999999991,15.1,0.6,100.0,0.14105634487715407,0.09547579003301178,52.43415896489778,live_camera
2026-01-31T02:33:36.588022+00:00,0.03,,80.0,0.0,0.0,9.999999999999991,15.1,0.6,100.0,0.11811806185922076,0.09396568298503744,50.556876565437015,live_camera
2026-01-31T02:33:40.024108+00:00,0.03,,80.0,0.0,0.0,9.999999999999991,15.1,0.6,100.0,0.13728585658307052,0.09443215285766055,51.04243941401787,live_camera
2026-01-31T02:33:40.542813+00:00,0.03,,80.0,0.0,0.0,9.999999999999991,15.1,0.6,100.0,0.12188953789113088,0.09445284364029359,50.103812311761374,live_camera
2026-01-31T02:33:44.152999+00:00,0.0011,,80.0,14.5,8.7,9.646160824031833,15.1,0.6,100.0,0.13735348708334888,0.09416844918412846,48.45814531308609,live_camera
2026-01-31T02:33:44.564298+00:00,0.0011,,80.0,14.5,8.7,9.646160824031833,15.1,0.6,100.0,0.1298799863916554,0.0938621293291288,50.01352566239642,live_camera
2026-01-31T02:33:48.283210+00:00,0.03,,80.0,0.0,0.0,9.999999999999991,15.1,0.6,100.0,0.13471855250015016,0.0957307475330111,51.13691581340277,live_camera
2026-01-31T02:33:48.451930+00:00,0.03,,80.0,0.0,0.0,9.999999999999991,15.1,0.6,100.0,0.1169158705598449,0.09460583881758607,50.967536007000966,live_camera
2026-01-31T02:33:52.377216+00:00,0.03,,80.0,0.0,0.0,9.999999999999991,15.1,0.6,100.0,0.12073587444144161,0.09511045904801935,50.768676400385445,live_camera
2026-01-31T02:33:52.524389+00:00,0.03,,80.0,0.0,0.0,9.999999999999991,15.1,0.6,100.0,0.14421874903899554,0.09527323610372097,50.64752814415141,live_camera
2026-01-31T02:33:56.442301+00:00,0.03,,80.0,0.0,0.0,9.999999999999991,15.1,0.6,100.0,0.11257807942179973,0.0937511164336041,51.8939819247413,live_camera
2026-01-31T02:33:56.607166+00:00,0.03,,80.0,0.0,0.0,9.999999999999991,15.1,0.6,100.0,0.12388235055010145,0.09491666311134693,53.97758041423511,live_camera
2026-01-31T02:34:00.443189+00:00,0.03,,80.0,0.0,0.0,9.999999999999991,15.1,0.6,100.0,0.13399445781716915,0.09594102745306875,52.29193857715251,live_camera
2026-01-31T02:34:01.930215+00:00,0.03,,80.0,0.0,0.0,9.999999999999991,15.1,0.6,100.0,0.13748653793076882,0.09716748040077382,51.88213014950047,live_camera
2026-01-31T02:34:04.367290+00:00,0.03,,80.0,0.0,0.0,9.999999999999991,15.1,0.6,100.0,0.12498101729966911,0.09580618895695654,50.922194277914556,live_camera
2026-01-31T02:34:06.873176+00:00,0.03,,80.0,0.0,0.0,9.999999999999991,15.1,0.6,100.0,0.11735169484500582,0.09629800889295166,51.24319125106796,live_camera
2026-01-31T02:34:08.282642+00:00,0.03,,80.0,0.0,0.0,9.999999999999991,15.1,0.6,100.0,0.11786632096227984,0.09605980831444462,50.985724635932115,live_camera
2026-01-31T02:34:10.941212+00:00,0.03,,80.0,0.0,0.0,9.999999999999991,15.1,0.6,100.0,0.12237946176378194,0.09555765579251392,50.57778517355593,live_camera
2026-01-31T02:34:12.214332+00:00,0.03,,80.0,0.0,0.0,9.999999999999991,15.1,0.6,100.0,0.10998792292578156,0.09536277159814892,53.94871729119984,live_camera
2026-01-31T02:34:15.791216+00:00,0.03,,80.0,0.0,0.0,9.999999999999991,15.1,0.6,100.0,0.1041175782037915,0.09630501128997611,51.71062645638494,live_camera
2026-01-31T02:34:16.022187+00:00,0.03,,80.0,0.0,0.0,9.999999999999991,15.1,0.6,100.0,0.09799246053704473,0.09544482373280108,51.34896935692029,live_camera
2026-01-31T02:34:19.712063+00:00,0.03,,80.0,0.0,0.0,9.999999999999991,15.1,0.6,100.0,0.1086949403829253,0.09407646868002549,51.310914047438914,live_camera
2026-01-31T02:34:19.868467+00:00,0.03,,80.0,0.0,0.0,9.999999999999991,15.1,0.6,100.0,0.12204328223883927,0.09604804843550419,53.24431865122725,live_camera
2026-01-31T02:34:23.647326+00:00,0.0006,,80.0,2.0,1.2,9.951885354941062,15.1,0.6,100.0,0.15392207379007214,0.09123693672586862,48.99843204533867,live_camera
2026-01-31T02:34:23.805052+00:00,0.0006,,80.0,2.0,1.2,9.951885354941062,15.1,0.6,100.0,0.12340000858658676,0.0936408103490121,48.3162324972136,live_camera
2026-01-31T02:34:27.756856+00:00,0.03,,80.0,0.0,0.0,9.999999999999991,15.1,0.6,100.0,0.1518537637910316,0.09431870652803137,51.58010576337306,live_camera
2026-01-31T02:34:27.778853+00:00,0.03,,80.0,0.0,0.0,9.999999999999991,15.1,0.6,100.0,0.10303617975849004,0.09528144255457516,51.85848571618653,live_camera
2026-01-31T02:34:31.683970+00:00,0.03,,80.0,0.0,0.0,9.999999999999991,15.1,0.6,100.0,0.1461073405997269,0.09406359143403652,50.6859172545477,live_camera
2026-01-31T02:34:31.937911+00:00,0.03,,80.0,0.0,0.0,9.999999999999991,15.1,0.6,100.0,0.1308528570006379,0.09484038677380648,53.30720375180108,live_camera
2026-01-31T02:34:35.716015+00:00,0.03,,80.0,0.0,0.0,9.999999999999991,15.1,0.6,100.0,0.09406485853801216,0.09394757781148723,54.40943760151031,live_camera
2026-01-31T02:34:36.888395+00:00,0.03,,80.0,0.0,0.0,9.999999999999991,15.1,0.6,100.0,0.11123437315787121,0.09560997419730982,52.532667263406886,live_camera
2026-01-31T02:34:39.558957+00:00,0.03,,80.0,0.0,0.0,9.999999999999991,15.1,0.6,100.0,0.12532596731712087,0.09451165011401835,51.25613686885595,live_camera
2026-01-31T02:34:40.937127+00:00,0.03,,80.0,0.0,0.0,9.999999999999991,15.1,0.6,100.0,0.10585854838933056,0.09418247701028461,50.61105795842911,live_camera
2026-01-31T02:34:43.369055+00:00,0.03,,80.0,0.0,0.0,9.999999999999991,15.1,0.6,100.0,0.13795055779246276,0.09517734936526435,51.918985164729705,live_camera
2026-01-31T02:34:44.770946+00:00,0.03,,80.0,0.0,0.0,9.999999999999991,15.1,0.6,100.0,0.1297006567546943,0.09448436011649496,49.77573779882043,live_camera
2026-01-31T02:34:47.732296+00:00,0.03,,80.0,0.0,0.0,9.999999999999991,15.1,0.6,100.0,0.13250398852095144,0.0918533269250564,49.04995905060634,live_camera
2026-01-31T02:34:49.408632+00:00,0.03,,80.0,0.0,0.0,9.999999999999991,15.1,0.6,100.0,0.12400950151168316,0.0943447660948419,50.784553275332435,live_camera
2026-01-31T02:34:51.603653+00:00,0.03,,80.0,0.0,0.0,9.999999999999991,15.1,0.6,100.0,0.09399810025598071,0.09457130359184628,52.849802711265845,live_camera
2026-01-31T02:34:53.363852+00:00,0.03,,80.0,0.0,0.0,9.999999999999991,15.1,0.6,100.0,0.1020535643280028,0.09455530954538162,49.84399225144057,live_camera
2026-01-31T02:34:55.619020+00:00,0.03,,80.0,0.0,0.0,9.999999999999991,15.1,0.6,100.0,0.11345769149279765,0.09565494658260439,52.171961583447356,live_camera
2026-01-31T02:34:57.343009+00:00,0.03,,80.0,0.0,0.0,9.999999999999991,15.1,0.6,100.0,0.130057493698425,0.09512238684047941,50.15850511314729,live_camera
2026-01-31T02:34:59.520881+00:00,0.03,,80.0,0.0,0.0,9.999999999999991,15.1,0.6,100.0,0.14743337352055086,0.09347385928383613,49.82132217303205,live_camera
2026-01-31T02:35:02.447225+00:00,0.03,,80.0,0.0,0.0,9.999999999999991,15.1,0.6,100.0,0.10940542026784794,0.0948366319632097,52.50611539462861,live_camera
2026-01-31T02:35:03.406263+00:00,0.03,,80.0,0.0,0.0,9.999999999999991,15.1,0.6,100.0,0.11446109982503459,0.09414208217431463,50.29291673252686,live_camera
2026-01-31T02:35:06.117411+00:00,0.03,,80.0,0.0,0.0,9.999999999999991,15.1,0.6,100.0,0.12235775573338231,0.09477564361446424,53.953762486741994,live_camera
2026-01-31T02:35:08.409225+00:00,0.03,,80.0,0.0,0.0,9.999999999999991,15.1,0.6,100.0,0.13494700063424728,0.09459807926232067,51.35233273848667,live_camera
2026-01-31T02:35:09.872716+00:00,0.03,,80.0,0.0,0.0,9.999999999999991,15.1,0.6,100.0,0.112720060515742,0.09443979306102947,50.35937981242158,live_camera
2026-01-31T02:35:12.379072+00:00,0.03,,80.0,0.0,0.0,9.999999999999991,15.1,0.6,100.0,0.1138288868075983,0.09478131109711936,50.345943775796755,live_camera
2026-01-31T02:35:13.402629+00:00,0.03,,80.0,0.0,0.0,9.999999999999991,15.1,0.6,100.0,0.11540405256314006,0.09688185560613743,54.63536606019176,live_camera
2026-01-31T02:35:16.386061+00:00,0.03,,80.0,0.0,0.0,9.999999999999991,15.1,0.6,100.0,0.1383918589024796,0.09394783565808344,49.427137465879724,live_camera
2026-01-31T02:35:17.180658+00:00,0.03,,80.0,0.0,0.0,9.999999999999991,15.1,0.6,100.0,0.11295879376043373,0.09393361653069587,51.48699248307984,live_camera
2026-01-31T02:35:20.504598+00:00,0.03,,80.0,0.0,0.0,9.999999999999991,15.1,0.6,100.0,0.11654485875289249,0.09434359831225557,50.084706188663745,live_camera
2026-01-31T02:35:20.881980+00:00,0.03,,80.0,0.0,0.0,9.999999999999991,15.1,0.6,100.0,0.1329785263266508,0.09396471022438559,50.5397913243707,live_camera
2026-01-31T02:35:24.435585+00:00,0.03,,80.0,0.0,0.0,9.999999999999991,15.1,0.6,100.0,0.10669745574927582,0.09427423598935922,50.17862927473379,live_camera
2026-01-31T02:35:24.810505+00:00,0.03,,80.0,0.0,0.0,9.999999999999991,15.1,0.6,100.0,0.1279641464273867,0.09472172158516735,50.21716477302799,live_camera
2026-01-31T02:35:28.729336+00:00,0.03,,80.0,0.0,0.0,9.999999999999991,15.1,0.6,100.0,0.15395445285263948,0.09480510765791796,50.1216117900477,live_camera
2026-01-31T02:35:29.500309+00:00,0.03,,80.0,0.0,0.0,9.999999999999991,15.1,0.6,100.0,0.12996468631021957,0.09419921752858099,50.26543917627533,live_camera
2026-01-31T02:35:33.417895+00:00,0.03,,80.0,0.0,0.0,9.999999999999991,15.1,0.6,100.0,0.11131384351161852,0.09568495703311203,52.21718809072862,live_camera
2026-01-31T02:35:33.426429+00:00,0.03,,80.0,0.0,0.0,9.999999999999991,15.1,0.6,100.0,0.12343245008963699,0.09589245778651928,52.55647267706043,live_camera
2026-01-31T02:35:37.512935+00:00,0.03,,80.0,0.0,0.0,9.999999999999991,15.1,0.6,100.0,0.10452479659984351,0.09590409844968456,51.01786448783241,live_camera
2026-01-31T02:35:37.610892+00:00,0.03,,80.0,0.0,0.0,9.999999999999991,15.1,0.6,100.0,0.11661887094791235,0.09315635105123267,52.64090358814152,live_camera
2026-01-31T02:35:41.551790+00:00,0.0006,,80.0,2.0,1.2,9.951885354941062,15.1,0.6,100.0,0.1527036108575558,0.09482684165651216,50.320230736722905,live_camera
2026-01-31T02:35:42.549517+00:00,0.0006,,80.0,2.0,1.2,9.951885354941062,15.1,0.6,100.0,0.16511818722006852,0.09405246137649534,48.76091585169708,live_camera
2026-01-31T02:35:45.535967+00:00,0.03,,80.0,0.0,0.0,9.999999999999991,15.1,0.6,100.0,0.11603348840164385,0.09406764359772497,49.24881796654934,live_camera
2026-01-31T02:35:46.303761+00:00,0.03,,80.0,0.0,0.0,9.999999999999991,15.1,0.6,100.0,0.14493210859597563,0.09344208987192859,51.58119965374566,live_camera
2026-01-31T02:35:49.569335+00:00,0.03,,80.0,0.0,0.0,9.999999999999991,15.1,0.6,100.0,0.09802931646839522,0.09405881759041824,50.64426167229269,live_camera
2026-01-31T02:35:50.174290+00:00,0.03,,80.0,0.0,0.0,9.999999999999991,15.1,0.6,100.0,0.11867352458886897,0.09512074056019207,51.56238285062719,live_camera
2026-01-31T02:35:53.429665+00:00,0.03,,80.0,0.0,0.0,9.999999999999991,15.1,0.6,100.0,0.11634199357145739,0.09501557549893773,50.876633940084574,live_camera
2026-01-31T02:35:55.041817+00:00,0.03,,80.0,0.0,0.0,9.999999999999991,15.1,0.6,100.0,0.1281374430290704,0.09408872413874315,49.991373753752235,live_camera
2026-01-31T02:35:57.404157+00:00,0.03,,80.0,0.0,0.0,9.999999999999991,15.1,0.6,100.0,0.119764844476281,0.0942232113229632,49.74998722053034,live_camera
2026-01-31T02:35:59.001862+00:00,0.03,,80.0,0.0,0.0,9.999999999999991,15.1,0.6,100.0,0.12318589056682477,0.09416468003048512,49.665857771406216,live_camera
2026-01-31T02:36:02.761809+00:00,0.03,,80.0,0.0,0.0,9.999999999999991,15.1,0.6,100.0,0.13385337645501155,0.09582477344763757,53.647236247498995,live_camera
2026-01-31T02:36:02.980615+00:00,0.03,,80.0,0.0,0.0,9.999999999999991,15.1,0.6,100.0,0.11513679598370481,0.09475497030827804,51.64126445491163,live_camera
2026-01-31T02:36:06.785430+00:00,0.03,,80.0,0.0,0.0,9.999999999999991,15.1,0.6,100.0,0.14485210227324902,0.0952129289966277,52.168657312243816,live_camera
2026-01-31T02:36:06.940656+00:00,0.03,,80.0,0.0,0.0,9.999999999999991,15.1,0.6,100.0,0.1367074670278967,0.09459230817784009,50.5584539562861,live_camera
2026-01-31T02:36:10.977862+00:00,0.03,,80.0,0.0,0.0,9.999999999999991,15.1,0.6,100.0,0.13073077789462204,0.09453276729548085,51.02880256764,live_camera
2026-01-31T02:36:11.188619+00:00,0.03,,80.0,0.0,0.0,9.999999999999991,15.1,0.6,100.0,0.10682069755024245,0.09544215166599121,53.14081544479989,live_camera
2026-01-31T02:36:14.715301+00:00,0.03,,80.0,0.0,0.0,9.999999999999991,15.1,0.6,100.0,0.13607466557117184,0.0967735748162646,52.89814256113742,live_camera
2026-01-31T02:36:15.392878+00:00,0.03,,80.0,0.0,0.0,9.999999999999991,15.1,0.6,100.0,0.12762523308729629,0.09502832408209164,50.57779823409655,live_camera
2026-01-31T02:36:18.611316+00:00,0.03,,80.0,0.0,0.0,9.999999999999991,15.1,0.6,100.0,0.11133747551572426,0.09585294802967413,52.28037367029042,live_camera
2026-01-31T02:36:19.398112+00:00,0.03,,80.0,0.0,0.0,9.999999999999991,15.1,0.6,100.0,0.12499545948658253,0.0944254920207082,50.43839574704296,live_camera
2026-01-31T02:36:22.432570+00:00,0.03,,80.0,0.0,0.0,9.999999999999991,15.1,0.6,100.0,0.1331798477925981,0.09373562737440654,49.82216447895985,live_camera
2026-01-31T02:36:23.323705+00:00,0.03,,80.0,0.0,0.0,9.999999999999991,15.1,0.6,100.0,0.11900002953830663,0.09616999115568499,51.05084352000991,live_camera
2026-01-31T02:36:26.449890+00:00,0.03,,80.0,0.0,0.0,9.999999999999991,15.1,0.6,100.0,0.10129157576816705,0.09490040387028,48.88699504507398,live_camera
2026-01-31T02:36:27.116700+00:00,0.03,,80.0,0.0,0.0,9.999999999999991,15.1,0.6,100.0,0.12933919802204105,0.09451866650555782,49.26269268291177,live_camera
2026-01-31T02:36:30.434673+00:00,0.03,,80.0,0.0,0.0,9.999999999999991,15.1,0.6,100.0,0.1350707639336935,0.09399336344676885,52.1231788634919,live_camera
2026-01-31T02:36:31.131323+00:00,0.03,,80.0,0.0,0.0,9.999999999999991,15.1,0.6,100.0,0.10470718366262685,0.096356662104915,53.105017268005014,live_camera
2026-01-31T02:36:34.473384+00:00,0.03,,80.0,0.0,0.0,9.999999999999991,15.1,0.6,100.0,0.11997146139234277,0.0944330526067738,50.23486066192703,live_camera
2026-01-31T02:36:35.057377+00:00,0.03,,80.0,0.0,0.0,9.999999999999991,15.1,0.6,100.0,0.11863276706210246,0.09114359963492422,49.92680074758171,live_camera
2026-01-31T02:36:38.754362+00:00,0.03,,80.0,0.0,0.0,9.999999999999991,15.1,0.6,100.0,0.1153008786165148,0.09420659273332238,50.98515127433056,live_camera
2026-01-31T02:36:39.027440+00:00,0.03,,80.0,0.0,0.0,9.999999999999991,15.1,0.6,100.0,0.1283652312773303,0.09476311520310192,51.10319242660514,live_camera
2026-01-31T02:36:42.678440+00:00,0.03,,80.0,0.0,0.0,9.999999999999991,15.1,0.6,100.0,0.1219808836904141,0.09625144676754759,54.44855912710778,live_camera
2026-01-31T02:36:42.781250+00:00,0.03,,80.0,0.0,0.0,9.999999999999991,15.1,0.6,100.0,0.1384048821136269,0.0940612957277588,51.56441662950406,live_camera
2026-01-31T02:36:46.789854+00:00,0.03,,80.0,0.0,0.0,9.999999999999991,15.1,0.6,100.0,0.09762728031483985,0.09546300636858432,51.570320196685714,live_camera
2026-01-31T02:36:46.809505+00:00,0.03,,80.0,0.0,0.0,9.999999999999991,15.1,0.6,100.0,0.1613462874754026,0.09432925223321353,52.02495304299298,live_camera
2026-01-31T02:36:50.930218+00:00,0.03,,80.0,0.0,0.0,9.999999999999991,15.1,0.6,100.0,0.12883447178455243,0.09355440382218613,51.60565650409983,live_camera
2026-01-31T02:36:51.710249+00:00,0.03,,80.0,0.0,0.0,9.999999999999991,15.1,0.6,100.0,0.1230549878991616,0.09448312373671883,50.47086188702012,live_camera
2026-01-31T02:36:55.023309+00:00,0.03,,80.0,0.0,0.0,9.999999999999991,15.1,0.6,100.0,0.10503930306596061,0.09483104339876042,53.96237175708529,live_camera
2026-01-31T02:36:55.512580+00:00,0.03,,80.0,0.0,0.0,9.999999999999991,15.1,0.6,100.0,0.12255610189180537,0.09463911595337268,51.04709381028002,live_camera
2026-01-31T02:36:59.000895+00:00,0.03,,80.0,0.0,0.0,9.999999999999991,15.1,0.6,100.0,0.13930691005854473,0.0930807497953927,50.60600951790578,live_camera
2026-01-31T02:36:59.664465+00:00,0.03,,80.0,0.0,0.0,9.999999999999991,15.1,0.6,100.0,0.11618782980283848,0.0970708775136664,51.77717728203034,live_camera
2026-01-31T02:37:03.083671+00:00,0.03,,80.0,0.0,0.0,9.999999999999991,15.1,0.6,100.0,0.1196216593528346,0.09593359413522567,51.19437454825779,live_camera
2026-01-31T02:37:03.198061+00:00,0.03,,80.0,0.0,0.0,9.999999999999991,15.1,0.6,100.0,0.10444439911487326,0.09421899525577698,49.32146621953541,live_camera
2026-01-31T02:37:07.127314+00:00,0.03,,80.0,0.0,0.0,9.999999999999991,15.1,0.6,100.0,0.14289639722637876,0.09480250060006674,50.890736315344206,live_camera
2026-01-31T02:37:07.179650+00:00,0.03,,80.0,0.0,0.0,9.999999999999991,15.1,0.6,100.0,0.11820795655055671,0.09465590230782298,53.72661345753079,live_camera
2026-01-31T02:37:11.136473+00:00,0.03,,80.0,0.0,0.0,9.999999999999991,15.1,0.6,100.0,0.13646700199315434,0.09545561465615983,51.02507201330542,live_camera
2026-01-31T02:37:12.608775+00:00,0.03,,80.0,0.0,0.0,9.999999999999991,15.1,0.6,100.0,0.10572229485070242,0.09570823657974642,50.75315090237484,live_camera
2026-01-31T02:37:15.046568+00:00,0.03,,80.0,0.0,0.0,9.999999999999991,15.1,0.6,100.0,0.11116054466384746,0.09380700724878711,48.54996251747887,live_camera
2026-01-31T02:37:17.725580+00:00,0.03,,80.0,0.0,0.0,9.999999999999991,15.1,0.6,100.0,0.11586522776064787,0.09435800392914703,53.010291806626896,live_camera
2026-01-31T02:37:18.805695+00:00,0.03,,80.0,0.0,0.0,9.999999999999991,15.1,0.6,100.0,0.11053563843875813,0.09481083450422063,52.047578776913575,live_camera
2026-01-31T02:37:21.747916+00:00,0.03,,80.0,0.0,0.0,9.999999999999991,15.1,0.6,100.0,0.11825636055718665,0.09413166073597141,48.7929544350795,live_camera
2026-01-31T02:37:22.599535+00:00,0.03,,80.0,0.0,0.0,9.999999999999991,15.1,0.6,100.0,0.09402189245035088,0.09525658778895964,50.815556822541396,live_camera
2026-01-31T02:37:25.822508+00:00,0.0006,,80.0,2.0,1.2,9.951885354941062,15.1,0.6,100.0,0.13662509255690866,0.09153321389060637,47.28137529247997,live_camera
2026-01-31T02:37:26.651233+00:00,0.0006,,80.0,2.0,1.2,9.951885354941062,15.1,0.6,100.0,0.1339092649512063,0.09449146679909332,49.04634689337016,live_camera
2026-01-31T02:37:29.770828+00:00,0.0006,0.0,0.0,2.0,1.2,9.951885354941062,15.1,0.6,1.8506556932738802,0.0,0.0012378967847985823,0.6189483923992911,live_camera
2026-01-31T02:37:30.507571+00:00,0.0006,0.0,0.0,2.0,1.2,9.951885354941062,15.1,0.6,1.5878488399982802,0.0,0.0010621062474904881,0.531053123745244,live_camera
2026-01-31T02:37:33.631529+00:00,0.03,,80.0,0.0,0.0,9.999999999999991,15.1,0.6,100.0,0.1111286090007431,0.09369276568849476,50.34882918294564,live_camera
2026-01-31T02:37:34.543514+00:00,0.03,,80.0,0.0,0.0,9.999999999999991,15.1,0.6,100.0,0.1306347669227459,0.0948535660539354,49.87847676404142,live_camera
2026-01-31T02:37:38.434946+00:00,0.0017,,80.0,6.0,3.5999999999999996,9.85497828881378,15.1,0.6,100.0,0.13536970440134982,0.09405599321310393,49.17435364212408,live_camera
2026-01-31T02:37:38.889578+00:00,0.0017,,80.0,6.0,3.5999999999999996,9.85497828881378,15.1,0.6,100.0,0.13926172258399383,0.09331335470192315,50.40998881150056,live_camera
2026-01-31T02:37:42.344302+00:00,0.03,,80.0,0.0,0.0,9.999999999999991,15.1,0.6,100.0,0.14278388636829212,0.09468744890224871,51.21293436828693,live_camera
2026-01-31T02:37:42.864155+00:00,0.03,,80.0,0.0,0.0,9.999999999999991,15.1,0.6,100.0,0.11290165396503582,0.09676707192522982,53.46244667828166,live_camera
2026-01-31T02:37:46.807050+00:00,0.03,,80.0,0.0,0.0,9.999999999999991,15.1,0.6,100.0,0.11990586075145034,0.0961198436674795,52.975205336306445,live_camera
2026-01-31T02:37:47.070428+00:00,0.03,,80.0,0.0,0.0,9.999999999999991,15.1,0.6,100.0,0.11959143813881457,0.09341496744318362,49.50981129770425,live_camera
2026-01-31T02:37:50.448294+00:00,0.03,,80.0,0.0,0.0,9.999999999999991,15.1,0.6,100.0,0.08771635811459773,0.09388171794848929,50.8733812566568,live_camera
2026-01-31T02:37:52.209324+00:00,0.03,,80.0,0.0,0.0,9.999999999999991,15.1,0.6,100.0,0.12705516823994445,0.09665003597499279,53.31847309521284,live_camera
2026-01-31T02:37:55.374296+00:00,0.0006,,80.0,2.0,1.2,9.951885354941062,15.1,0.6,100.0,0.12384655230429674,0.09463737269859589,48.17474843186022,live_camera
2026-01-31T02:37:56.165456+00:00,0.0006,,80.0,2.0,1.2,9.951885354941062,15.1,0.6,100.0,0.10278257555245389,0.0941129830183235,48.09803631229346,live_camera
2026-01-31T02:37:59.324853+00:00,0.0006,0.0,0.0,2.0,1.2,9.951885354941062,15.1,0.6,1.8305496925997107,0.0,0.0012244479549161945,0.6122239774580972,live_camera
2026-01-31T02:37:59.961082+00:00,0.0006,0.0,0.0,2.0,1.2,9.951885354941062,15.1,0.6,1.445271113211752,0.0,0.0009667365305764224,0.4833682652882112,live_camera
2026-01-31T02:38:02.940416+00:00,0.0006,,80.0,2.0,1.2,9.951885354941062,15.1,0.6,100.0,0.11669820853050816,0.09376817293386029,47.36189002154019,live_camera
2026-01-31T02:38:04.013281+00:00,0.0006,,80.0,2.0,1.2,9.951885354941062,15.1,0.6,100.0,0.11395398076566778,0.09264007903618193,46.571948355243464,live_camera
2026-01-31T02:38:06.954979+00:00,0.03,,80.0,0.0,0.0,9.999999999999991,15.1,0.6,100.0,0.11600136360274776,0.09434323080978026,51.489214819303385,live_camera
2026-01-31T02:38:07.484236+00:00,0.03,,80.0,0.0,0.0,9.999999999999991,15.1,0.6,100.0,0.13092661459882576,0.09538699634186765,49.6513788556047,live_camera
2026-01-31T02:38:10.990792+00:00,0.03,,80.0,0.0,0.0,9.999999999999991,15.1,0.6,100.0,0.125187458783339,0.09432838019546161,51.06610190744886,live_camera
2026-01-31T02:38:11.285794+00:00,0.03,,80.0,0.0,0.0,9.999999999999991,15.1,0.6,100.0,0.12989738236024198,0.09446956249772444,50.53534334382066,live_camera
2026-01-31T02:38:14.905215+00:00,0.03,,80.0,0.0,0.0,9.999999999999991,15.1,0.6,100.0,0.10836713120388071,0.09332490657826321,50.086388059418226,live_camera
2026-01-31T02:38:15.243932+00:00,0.03,,80.0,0.0,0.0,9.999999999999991,15.1,0.6,100.0,0.11959296620552924,0.09407031651957515,51.83200162808201,live_camera
2026-01-31T02:38:18.931549+00:00,0.03,,80.0,0.0,0.0,9.999999999999991,15.1,0.6,100.0,0.12504954604090285,0.09459763134824191,49.86749170434801,live_camera
2026-01-31T02:38:19.223528+00:00,0.03,,80.0,0.0,0.0,9.999999999999991,15.1,0.6,100.0,0.11090387774518243,0.09535751369098268,51.38622807803108,live_camera
2026-01-31T02:38:22.880292+00:00,0.03,,80.0,0.0,0.0,9.999999999999991,15.1,0.6,100.0,0.12422340880258678,0.09428195645911391,50.671598386131045,live_camera
2026-01-31T02:38:23.193622+00:00,0.03,,80.0,0.0,0.0,9.999999999999991,15.1,0.6,100.0,0.10900568180635763,0.09545025310672392,54.53748031283231,live_camera
2026-01-31T02:38:26.771739+00:00,0.0006,,80.0,2.0,1.2,9.951885354941062,15.1,0.6,100.0,0.14343956113210463,0.09316732258615187,48.53699679881486,live_camera
2026-01-31T02:38:27.295327+00:00,0.0006,,80.0,2.0,1.2,9.951885354941062,15.1,0.6,100.0,0.12208106922098429,0.09349933658477552,47.71218556972504,live_camera
2026-01-31T02:38:30.749242+00:00,0.0006,45.72000000000001,45.72000000000001,2.0,1.2,9.951885354941062,15.1,0.6,16.107779187596844,0.004602272714898014,0.005010319221100954,7.693977613676475,live_camera
2026-01-31T02:38:31.424571+00:00,0.0006,45.72000000000001,45.72000000000001,2.0,1.2,9.951885354941062,15.1,0.6,15.196872441760629,0.0030740404738223578,0.004841766056675983,6.819605864825531,live_camera
2026-01-31T02:38:34.561348+00:00,0.0006,0.0,0.0,2.0,1.2,9.951885354941062,15.1,0.6,1.3995944611156454,0.0,0.0009361835860305322,0.46809179301526604,live_camera
2026-01-31T02:38:35.730282+00:00,0.03,,80.0,0.0,0.0,9.999999999999991,15.1,0.6,100.0,0.11265480207898872,0.09516473461803039,52.6778651483984,live_camera
2026-01-31T02:38:38.867587+00:00,0.03,,80.0,0.0,0.0,9.999999999999991,15.1,0.6,100.0,0.12480571761204821,0.09432084504777173,51.08302926759845,live_camera
2026-01-31T02:38:39.711772+00:00,0.03,,80.0,0.0,0.0,9.999999999999991,15.1,0.6,100.0,0.14104145465778847,0.09508819797263955,52.80269885813584,live_camera
2026-01-31T02:38:43.055316+00:00,0.03,,80.0,0.0,0.0,9.999999999999991,15.1,0.6,100.0,0.11547243370954784,0.09433885555235046,49.40128451912607,live_camera
2026-01-31T02:38:43.773694+00:00,0.03,,80.0,0.0,0.0,9.999999999999991,15.1,0.6,100.0,0.12033297532345796,0.09360876614431023,49.99414810350065,live_camera
2026-01-31T02:38:46.985744+00:00,0.03,,80.0,0.0,0.0,9.999999999999991,15.1,0.6,100.0,0.12408607779366594,0.09535060292939472,50.913502444925705,live_camera
2026-01-31T02:38:47.751343+00:00,0.03,,80.0,0.0,0.0,9.999999999999991,15.1,0.6,100.0,0.11815414686309512,0.09319600445860604,50.707409350253016,live_camera
2026-01-31T02:38:50.843330+00:00,0.03,,80.0,0.0,0.0,9.999999999999991,15.1,0.6,100.0,0.12502006860149265,0.09460619635288961,49.84668352688026,live_camera
2026-01-31T02:38:51.596374+00:00,0.03,,80.0,0.0,0.0,9.999999999999991,15.1,0.6,100.0,0.13804049005108907,0.09378971185236425,49.03339413621997,live_camera
2026-01-31T02:38:54.858649+00:00,0.03,,80.0,0.0,0.0,9.999999999999991,15.1,0.6,100.0,0.10943133105966511,0.09548730327447283,51.40148573096657,live_camera
2026-01-31T02:38:56.245410+00:00,0.03,,80.0,0.0,0.0,9.999999999999991,15.1,0.6,100.0,0.10428660135352666,0.09435448434905251,53.29205151806171,live_camera
2026-01-31T02:38:59.112559+00:00,0.03,,80.0,0.0,0.0,9.999999999999991,15.1,0.6,100.0,0.11288975707687729,0.09499477896547096,50.90806332410375,live_camera
2026-01-31T02:39:00.141887+00:00,0.03,,80.0,0.0,0.0,9.999999999999991,15.1,0.6,100.0,0.12763506721328668,0.09488809949689904,53.42311506090021,live_camera
2026-01-31T02:39:03.061373+00:00,0.03,,80.0,0.0,0.0,9.999999999999991,15.1,0.6,100.0,0.11769689199866544,0.09531594404023734,51.7628499012871,live_camera
2026-01-31T02:39:04.342460+00:00,0.03,,80.0,0.0,0.0,9.999999999999991,15.1,0.6,100.0,0.12295886123175388,0.09555516250319668,50.37801229221309,live_camera
2026-01-31T02:39:07.195273+00:00,0.03,,80.0,0.0,0.0,9.999999999999991,15.1,0.6,100.0,0.11552458734863263,0.09535407693772134,54.69266470182412,live_camera
2026-01-31T02:39:08.377612+00:00,0.03,,80.0,0.0,0.0,9.999999999999991,15.1,0.6,100.0,0.1401079093091101,0.09590738943610652,51.77704281817566,live_camera
2026-01-31T02:39:11.194390+00:00,0.03,,80.0,0.0,0.0,9.999999999999991,15.1,0.6,100.0,0.12568858885937864,0.09402551373681822,51.71562273420853,live_camera
2026-01-31T02:39:12.306131+00:00,0.03,,80.0,0.0,0.0,9.999999999999991,15.1,0.6,100.0,0.12281407652616366,0.09417725800778,50.567570374465554,live_camera
2026-01-31T02:39:15.219599+00:00,0.03,,80.0,0.0,0.0,9.999999999999991,15.1,0.6,100.0,0.10776347288700319,0.09279009261987947,48.576027740216496,live_camera
2026-01-31T02:39:16.202641+00:00,0.03,,80.0,0.0,0.0,9.999999999999991,15.1,0.6,100.0,0.09893763241521067,0.09418635349870773,50.85807249451888,live_camera
2026-01-31T02:39:19.568426+00:00,0.03,,80.0,0.0,0.0,9.999999999999991,15.1,0.6,100.0,0.1243156441341439,0.09545056570789798,51.99597208630671,live_camera
2026-01-31T02:39:20.072425+00:00,0.03,,80.0,0.0,0.0,9.999999999999991,15.1,0.6,100.0,0.13823921044760829,0.09552069725862943,51.45799881222845,live_camera
2026-01-31T02:39:23.649316+00:00,0.03,,80.0,0.0,0.0,9.999999999999991,15.1,0.6,100.0,0.1215254013618915,0.0960826424440866,53.298634327899144,live_camera
2026-01-31T02:39:23.959398+00:00,0.03,,80.0,0.0,0.0,9.999999999999991,15.1,0.6,100.0,0.10930699848736869,0.09525313023004033,52.91021913381548,live_camera
2026-01-31T02:39:27.267710+00:00,0.0006,,80.0,2.0,1.2,9.951885354941062,15.1,0.6,100.0,0.131410754299133,0.09286651763574919,47.732002380814656,live_camera
2026-01-31T02:39:27.897227+00:00,0.0006,,80.0,2.0,1.2,9.951885354941062,15.1,0.6,100.0,0.10648429674726427,0.09322980806003174,47.78534933660296,live_camera
2026-01-31T02:39:31.993774+00:00,0.03,,80.0,0.0,0.0,9.999999999999991,15.1,0.6,100.0,0.12758020763763686,0.09408130791024356,49.77591722328022,live_camera
2026-01-31T02:39:32.208292+00:00,0.03,,80.0,0.0,0.0,9.999999999999991,15.1,0.6,100.0,0.11917998195014522,0.09438838246603427,50.469002795546835,live_camera
2026-01-31T02:39:36.167562+00:00,0.03,,80.0,0.0,0.0,9.999999999999991,15.1,0.6,100.0,0.13433364338394285,0.09440030610174886,53.45353687763934,live_camera
2026-01-31T02:39:36.936423+00:00,0.03,,80.0,0.0,0.0,9.999999999999991,15.1,0.6,100.0,0.11857530871126175,0.09524371276028026,51.24246627024767,live_camera
2026-01-31T02:39:39.968589+00:00,0.03,,80.0,0.0,0.0,9.999999999999991,15.1,0.6,100.0,0.12369556737540362,0.09620741022686569,51.99528863195749,live_camera
2026-01-31T02:39:40.848569+00:00,0.03,,80.0,0.0,0.0,9.999999999999991,15.1,0.6,100.0,0.09694656553273631,0.0955031726108904,49.62026039536227,live_camera
2026-01-31T02:39:44.787779+00:00,0.03,,80.0,0.0,0.0,9.999999999999991,15.1,0.6,100.0,0.12464916940480335,0.09597965144390302,50.0763216884905,live_camera
2026-01-31T02:39:44.877286+00:00,0.03,,80.0,0.0,0.0,9.999999999999991,15.1,0.6,100.0,0.1098295178088094,0.09511012041203609,52.55400622327044,live_camera
2026-01-31T02:39:48.794541+00:00,0.03,,80.0,0.0,0.0,9.999999999999991,15.1,0.6,100.0,0.12237054208409856,0.0946270566828323,50.7917717567651,live_camera
2026-01-31T02:39:48.864654+00:00,0.03,,80.0,0.0,0.0,9.999999999999991,15.1,0.6,100.0,0.1186199985079159,0.09482257935587902,50.14324659921271,live_camera
2026-01-31T02:39:52.935579+00:00,0.03,,80.0,0.0,0.0,9.999999999999991,15.1,0.6,100.0,0.13618457600534142,0.0946821681822562,50.63269860568084,live_camera
2026-01-31T02:39:52.935579+00:00,0.03,,80.0,0.0,0.0,9.999999999999991,15.1,0.6,100.0,0.1429811338534455,0.09445843652254295,50.575014672851914,live_camera
2026-01-31T02:39:57.171529+00:00,0.0006,,80.0,2.0,1.2,9.951885354941062,15.1,0.6,100.0,0.13371988749034644,0.0940771044971918,47.6288837317278,live_camera
2026-01-31T02:39:57.173034+00:00,0.0006,,80.0,2.0,1.2,9.951885354941062,15.1,0.6,100.0,0.15545075517313045,0.09223411729534056,47.16392738938342,live_camera
2026-01-31T02:40:01.194869+00:00,0.03,,80.0,0.0,0.0,9.999999999999991,15.1,0.6,100.0,0.13103519505429104,0.09529505829345832,51.47894634360098,live_camera
2026-01-31T02:40:01.411052+00:00,0.03,,80.0,0.0,0.0,9.999999999999991,15.1,0.6,100.0,0.11429384134956609,0.09556033168704194,55.64267271947767,live_camera
2026-01-31T02:40:05.352423+00:00,0.03,,80.0,0.0,0.0,9.999999999999991,15.1,0.6,100.0,0.11731418662788143,0.09421449349529061,51.755565664788165,live_camera
2026-01-31T02:40:05.353423+00:00,0.03,,80.0,0.0,0.0,9.999999999999991,15.1,0.6,100.0,0.12862179576471697,0.0928429118817896,50.39716008626149,live_camera
2026-01-31T02:40:09.516000+00:00,0.03,,80.0,0.0,0.0,9.999999999999991,15.1,0.6,100.0,0.12146022837454588,0.09410793679371668,50.56368133053818,live_camera
2026-01-31T02:40:09.669341+00:00,0.03,,80.0,0.0,0.0,9.999999999999991,15.1,0.6,100.0,0.1160598979681213,0.09568142997615402,51.21890475145954,live_camera
2026-01-31T02:40:13.621360+00:00,0.03,,80.0,0.0,0.0,9.999999999999991,15.1,0.6,100.0,0.11558434682400814,0.09453109509790103,50.74021600562648,live_camera
2026-01-31T02:40:13.636041+00:00,0.03,,80.0,0.0,0.0,9.999999999999991,15.1,0.6,100.0,0.12640883818817938,0.09479973639482137,50.10370064390142,live_camera
2026-01-31T02:40:17.785394+00:00,0.03,,80.0,0.0,0.0,9.999999999999991,15.1,0.6,100.0,0.11439220101006334,0.09376496017611022,50.03078000061711,live_camera
2026-01-31T02:40:17.859461+00:00,0.03,,80.0,0.0,0.0,9.999999999999991,15.1,0.6,100.0,0.09334426164938908,0.09471750306955919,53.02331434966439,live_camera
2026-01-31T02:40:21.948411+00:00,0.03,,80.0,0.0,0.0,9.999999999999991,15.1,0.6,100.0,0.11350893071500777,0.09386398283605094,52.0894331025205,live_camera
2026-01-31T02:40:25.964949+00:00,0.03,,80.0,0.0,0.0,9.999999999999991,15.1,0.6,100.0,0.12640489177197684,0.09467098647045664,50.95525770914344,live_camera
2026-01-31T02:40:29.871704+00:00,0.03,,80.0,0.0,0.0,9.999999999999991,15.1,0.6,100.0,0.13551086433948556,0.09514207106410941,52.425407951395755,live_camera
2026-01-31T02:40:34.742294+00:00,0.0006,,80.0,2.0,1.2,9.951885354941062,15.1,0.6,100.0,0.11730512936527931,0.09642257473468022,48.72441717171602,live_camera
2026-01-31T02:40:39.535410+00:00,0.0017,,80.0,6.0,3.5999999999999996,9.85497828881378,15.1,0.6,100.0,0.13755798577480172,0.09444741050474338,48.1236263181547,live_camera
2026-01-31T02:40:43.878357+00:00,0.03,,80.0,0.0,0.0,9.999999999999991,15.1,0.6,100.0,0.13246088478929385,0.09361032012711473,48.99109756633695,live_camera
2026-01-31T02:40:48.081806+00:00,0.03,,80.0,0.0,0.0,9.999999999999991,15.1,0.6,100.0,0.11933227818599128,0.09444459195456475,50.189098561092315,live_camera
2026-01-31T02:40:52.014471+00:00,0.03,,80.0,0.0,0.0,9.999999999999991,15.1,0.6,100.0,0.13456502749386337,0.0943890073016795,54.189260669641236,live_camera
2026-01-31T02:40:55.861471+00:00,0.03,,80.0,0.0,0.0,9.999999999999991,15.1,0.6,100.0,0.14016618959224833,0.09569425512368662,53.73613907408365,live_camera
2026-01-31T02:40:59.763950+00:00,0.03,,80.0,0.0,0.0,9.999999999999991,15.1,0.6,100.0,0.10466301949286708,0.09450006474148415,51.30864578054351,live_camera
2026-01-31T02:41:03.807501+00:00,0.03,,80.0,0.0,0.0,9.999999999999991,15.1,0.6,100.0,0.1087232448773524,0.09381006369918626,50.33874033336949,live_camera
2026-01-31T02:41:07.267826+00:00,0.03,,80.0,0.0,0.0,9.999999999999991,15.1,0.6,100.0,0.12836218513102013,0.09492869244733199,51.82437191850483,live_camera
2026-01-31T02:41:10.758892+00:00,0.03,,80.0,0.0,0.0,9.999999999999991,15.1,0.6,100.0,0.12266640787597234,0.09374605772857893,49.9875142601264,live_camera
2026-01-31T02:41:14.553773+00:00,0.03,,80.0,0.0,0.0,9.999999999999991,15.1,0.6,100.0,0.1369376116692912,0.09586493578901809,51.67349603485481,live_camera
2026-01-31T02:41:18.455488+00:00,0.03,,80.0,0.0,0.0,9.999999999999991,15.1,0.6,100.0,0.1301150317059085,0.0936133827959615,50.88192137031844,live_camera
2026-01-31T02:41:22.264324+00:00,0.03,,80.0,0.0,0.0,9.999999999999991,15.1,0.6,100.0,0.1335233713985594,0.09355321003628547,50.4878179522374,live_camera
2026-01-31T02:41:26.257252+00:00,0.03,,80.0,0.0,0.0,9.999999999999991,15.1,0.6,100.0,0.0960058057644839,0.09511468772395727,52.9802406896214,live_camera
2026-01-31T02:41:30.244275+00:00,0.03,,80.0,0.0,0.0,9.999999999999991,15.1,0.6,100.0,0.08597304365387867,0.09530879789987275,50.261502809430425,live_camera
2026-01-31T02:41:34.323550+00:00,0.03,,80.0,0.0,0.0,9.999999999999991,15.1,0.6,100.0,0.12977778936519854,0.09446063016836166,50.9628495158454,live_camera
2026-01-31T02:41:38.214770+00:00,0.03,,80.0,0.0,0.0,9.999999999999991,15.1,0.6,100.0,0.11397732763904553,0.09488087562447411,51.37633666175279,live_camera
2026-01-31T02:41:42.049700+00:00,0.03,,80.0,0.0,0.0,9.999999999999991,15.1,0.6,100.0,0.11733504288809522,0.09526659603401168,52.782583268976914,live_camera
2026-01-31T02:41:46.024701+00:00,0.03,,80.0,0.0,0.0,9.999999999999991,15.1,0.6,100.0,0.11600386207712174,0.0941265478017226,51.091720961219366,live_camera
2026-01-31T02:41:50.214422+00:00,0.03,,80.0,0.0,0.0,9.999999999999991,15.1,0.6,100.0,0.10043376497072458,0.09582621669352215,52.67290479947949,live_camera
2026-01-31T02:41:54.285799+00:00,0.03,,80.0,0.0,0.0,9.999999999999991,15.1,0.6,100.0,0.11802572454402735,0.09458238963837769,49.81748078775743,live_camera
2026-01-31T02:41:58.125761+00:00,0.03,,80.0,0.0,0.0,9.999999999999991,15.1,0.6,100.0,0.13482616405445155,0.09432874064442638,51.84736452548062,live_camera
2026-01-31T02:42:02.055609+00:00,0.03,,80.0,0.0,0.0,9.999999999999991,15.1,0.6,100.0,0.1179655200576511,0.09556157049047798,51.76470074570697,live_camera
2026-01-31T02:42:06.017794+00:00,0.03,,80.0,0.0,0.0,9.999999999999991,15.1,0.6,100.0,0.12042162902591914,0.09585502158321589,52.70045493457215,live_camera
2026-01-31T02:42:09.943664+00:00,0.03,,80.0,0.0,0.0,9.999999999999991,15.1,0.6,100.0,0.12578025514225655,0.09478117637862284,49.93919162891828,live_camera
2026-01-31T02:42:13.927546+00:00,0.03,,80.0,0.0,0.0,9.999999999999991,15.1,0.6,100.0,0.11750273913915366,0.09438009020496266,50.57524914833815,live_camera
2026-01-31T02:42:17.950130+00:00,0.0006,,80.0,2.0,1.2,9.951885354941062,15.1,0.6,100.0,0.13284779185565557,0.08997542232664135,46.614308753020055,live_camera
2026-01-31T02:42:21.857785+00:00,0.0006,35.279999999999994,35.279999999999994,2.0,1.2,9.951885354941062,15.1,0.6,1.1183162549521655,5.011363636363636e-05,0.000596590909090909,0.5386393006681577,live_camera
2026-01-31T02:42:25.706659+00:00,0.0011,16.020000000000003,16.020000000000003,4.0,2.4,9.90354365522231,15.1,0.6,2.0826003360097403,3.908694086361796e-05,0.001255851519237791,0.7593307788306403,live_camera
2026-01-31T02:42:29.669421+00:00,0.0011,0.0,0.0,4.0,2.4,9.90354365522231,15.1,0.6,1.889275971376554,0.0,0.0012637297467401698,0.6318648733700849,live_camera
2026-01-31T02:42:34.486514+00:00,0.03,,80.0,0.0,0.0,9.999999999999991,15.1,0.6,100.0,0.12522969553535787,0.09455659096212893,52.39826551844151,live_camera
2026-01-31T02:42:38.397044+00:00,0.03,,80.0,0.0,0.0,9.999999999999991,15.1,0.6,100.0,0.12830029144965754,0.09410243128016882,50.16698490438706,live_camera
2026-01-31T02:42:43.053739+00:00,0.03,,80.0,0.0,0.0,9.999999999999991,15.1,0.6,100.0,0.1302716783153223,0.09548542649891893,52.3219308974256,live_camera
2026-01-31T02:42:48.006504+00:00,0.03,,80.0,0.0,0.0,9.999999999999991,15.1,0.6,100.0,0.15801815792404886,0.09427627611686179,49.6932963375924,live_camera
2026-01-31T02:42:51.975053+00:00,0.03,,80.0,0.0,0.0,9.999999999999991,15.1,0.6,100.0,0.11233559195063465,0.09344051249073852,52.99076024481843,live_camera
2026-01-31T02:42:55.783669+00:00,0.03,,80.0,0.0,0.0,9.999999999999991,15.1,0.6,100.0,0.1223004021887334,0.0931274560026801,52.16361811794009,live_camera
2026-01-31T02:42:59.995796+00:00,0.03,,80.0,0.0,0.0,9.999999999999991,15.1,0.6,100.0,0.12322857153321438,0.09546643987005478,53.9297979975659,live_camera
2026-01-31T02:43:03.526765+00:00,0.03,,80.0,0.0,0.0,9.999999999999991,15.1,0.6,100.0,0.10398816682850623,0.09387588674106384,52.5653351009766,live_camera
2026-01-31T02:43:07.427657+00:00,0.03,,80.0,0.0,0.0,9.999999999999991,15.1,0.6,100.0,0.10876952036720268,0.09564924160982287,51.5764798733446,live_camera
2026-01-31T02:43:11.369832+00:00,0.03,,80.0,0.0,0.0,9.999999999999991,15.1,0.6,100.0,0.13707766867541255,0.09444844427064161,51.01013503274168,live_camera
2026-01-31T02:43:14.748314+00:00,0.03,,80.0,0.0,0.0,9.999999999999991,15.1,0.6,100.0,0.11331837232432705,0.09653105024506603,54.60733530414883,live_camera
2026-01-31T02:43:18.610427+00:00,0.03,,80.0,0.0,0.0,9.999999999999991,15.1,0.6,100.0,0.13881495457581594,0.09630053421626768,53.11887721266403,live_camera
2026-01-31T02:43:22.435238+00:00,0.03,,80.0,0.0,0.0,9.999999999999991,15.1,0.6,100.0,0.1221676768658053,0.09419879179082052,50.76853527681624,live_camera
2026-01-31T02:43:26.512100+00:00,0.03,,80.0,0.0,0.0,9.999999999999991,15.1,0.6,100.0,0.1308460927248539,0.09361960696759518,51.00175214680388,live_camera
2026-01-31T02:43:30.319764+00:00,0.03,,80.0,0.0,0.0,9.999999999999991,15.1,0.6,100.0,0.12123667747288923,0.09464304499381228,50.62642028346808,live_camera
2026-01-31T02:43:35.040669+00:00,0.03,,80.0,0.0,0.0,9.999999999999991,15.1,0.6,100.0,0.1383208099016923,0.09557833645752695,52.934043943861894,live_camera
2026-01-31T02:43:38.933025+00:00,0.03,,80.0,0.0,0.0,9.999999999999991,15.1,0.6,100.0,0.10646363795574296,0.09461605582885993,53.50563856952763,live_camera
2026-01-31T02:43:42.901225+00:00,0.03,,80.0,0.0,0.0,9.999999999999991,15.1,0.6,100.0,0.11186278369610587,0.0960579955162518,52.05261918546563,live_camera
2026-01-31T02:43:46.899708+00:00,0.03,,80.0,0.0,0.0,9.999999999999991,15.1,0.6,100.0,0.13527242481965684,0.09412720875934219,50.98422498979301,live_camera
2026-01-31T02:43:50.838955+00:00,0.03,,80.0,0.0,0.0,9.999999999999991,15.1,0.6,100.0,0.1330618980151291,0.0960261589374393,50.31158088494125,live_camera
2026-01-31T02:43:54.768592+00:00,0.03,,80.0,0.0,0.0,9.999999999999991,15.1,0.6,100.0,0.10983957931276643,0.09363932421266656,50.061334416479,live_camera
2026-01-31T02:43:58.598779+00:00,0.03,,80.0,0.0,0.0,9.999999999999991,15.1,0.6,100.0,0.137025505062322,0.09562653805809994,53.45908706248409,live_camera
2026-01-31T02:44:02.661328+00:00,0.0006,,80.0,2.0,1.2,9.951885354941062,15.1,0.6,100.0,0.14310974668359386,0.09320048625431245,47.61922154547802,live_camera
2026-01-31T02:44:06.585623+00:00,0.03,,80.0,0.0,0.0,9.999999999999991,15.1,0.6,100.0,0.11931334029383166,0.09419947541169868,49.11719076803538,live_camera
2026-01-31T02:44:10.513362+00:00,0.0006,,80.0,17.5,10.5,9.571561602360415,15.1,0.6,100.0,0.1423335967396307,0.09451528243632809,48.97713028527323,live_camera
2026-01-31T02:44:14.601289+00:00,0.0006,0.0,0.0,17.5,10.5,9.571561602360415,15.1,0.6,1.4151342380712308,0.0,0.0009465780856663751,0.4732890428331875,live_camera
2026-01-31T02:44:18.691962+00:00,0.03,,80.0,0.0,0.0,9.999999999999991,15.1,0.6,100.0,0.14996091069165254,0.09457296217560703,50.54994072357897,live_camera
2026-01-31T02:44:22.761287+00:00,0.03,,80.0,0.0,0.0,9.999999999999991,15.1,0.6,100.0,0.1287655723835041,0.0940345542071292,50.39506368613892,live_camera
2026-01-31T02:44:26.718377+00:00,0.03,,80.0,0.0,0.0,9.999999999999991,15.1,0.6,100.0,0.12735924502708537,0.09470495224064486,50.73834204836756,live_camera
2026-01-31T02:44:30.627775+00:00,0.03,,80.0,0.0,0.0,9.999999999999991,15.1,0.6,100.0,0.1273764339537426,0.0957179885297082,51.85109532819621,live_camera
2026-01-31T02:44:34.495222+00:00,0.03,,80.0,0.0,0.0,9.999999999999991,15.1,0.6,100.0,0.11492578362996995,0.09500943856040987,50.02007966260575,live_camera
2026-01-31T02:44:38.429411+00:00,0.03,,80.0,0.0,0.0,9.999999999999991,15.1,0.6,100.0,0.1412178091422838,0.09683813711689292,52.28807369456479,live_camera
2026-01-31T02:44:43.484993+00:00,0.0006,,80.0,2.0,1.2,9.951885354941062,15.1,0.6,100.0,0.10829475906001718,0.09436133333598708,47.92641924350361,live_camera
2026-01-31T02:44:47.327833+00:00,0.03,,80.0,0.0,0.0,9.999999999999991,15.1,0.6,100.0,0.10850404554369134,0.09487805459666135,52.304608152676614,live_camera
2026-01-31T02:44:51.240336+00:00,0.03,,80.0,0.0,0.0,9.999999999999991,15.1,0.6,100.0,0.10866143416200376,0.09402756742953088,52.15051232772441,live_camera
2026-01-31T02:44:55.185815+00:00,0.03,,80.0,0.0,0.0,9.999999999999991,15.1,0.6,100.0,0.13377601400347514,0.09553738867076983,50.716098915981014,live_camera
2026-01-31T02:44:59.187602+00:00,0.03,,80.0,0.0,0.0,9.999999999999991,15.1,0.6,100.0,0.1290277937153645,0.0932509232319255,48.55173452514644,live_camera
2026-01-31T02:45:03.058881+00:00,0.03,,80.0,0.0,0.0,9.999999999999991,15.1,0.6,100.0,0.11939185591593074,0.09574411640148223,51.916588664741404,live_camera
2026-01-31T02:45:07.075832+00:00,0.0006,,80.0,2.0,1.2,9.951885354941062,15.1,0.6,100.0,0.14103410979407213,0.09470753452307923,50.61070811695758,live_camera
2026-01-31T02:45:10.887823+00:00,0.03,,80.0,0.0,0.0,9.999999999999991,15.1,0.6,100.0,0.11688548216884628,0.09457751424125856,53.12514735551517,live_camera
2026-01-31T02:45:15.081321+00:00,0.03,,80.0,0.0,0.0,9.999999999999991,15.1,0.6,100.0,0.14254698818887462,0.0962804058961678,54.01334010129391,live_camera
2026-01-31T02:45:18.888559+00:00,0.03,,80.0,0.0,0.0,9.999999999999991,15.1,0.6,100.0,0.11791020043808749,0.09393153720728034,49.39772934160331,live_camera
2026-01-31T02:45:22.991975+00:00,0.0006,,80.0,2.0,1.2,9.951885354941062,15.1,0.6,100.0,0.11618234367382302,0.09994201749549116,50.63537527694714,live_camera
2026-01-31T02:45:26.760034+00:00,0.03,,80.0,0.0,0.0,9.999999999999991,15.1,0.6,100.0,0.10716893311631934,0.09442707791786349,52.007914986787384,live_camera
2026-01-31T02:45:30.691296+00:00,0.03,,80.0,0.0,0.0,9.999999999999991,15.1,0.6,100.0,0.13279800644691542,0.09500567357431113,49.72860857979863,live_camera
2026-01-31T02:45:34.524766+00:00,0.03,,80.0,0.0,0.0,9.999999999999991,15.1,0.6,100.0,0.11114194259394028,0.09537068114500763,49.93656873760735,live_camera
2026-01-31T02:45:38.515632+00:00,0.0006,,80.0,2.0,1.2,9.951885354941062,15.1,0.6,100.0,0.1256247314589556,0.09447553035245271,48.517325561675165,live_camera
2026-01-31T02:45:42.348674+00:00,0.03,,80.0,0.0,0.0,9.999999999999991,15.1,0.6,100.0,0.1155018316484783,0.0936700019361361,53.10114630488849,live_camera
2026-01-31T02:45:46.289524+00:00,0.0006,,80.0,2.0,1.2,9.951885354941062,15.1,0.6,100.0,0.11974997944232174,0.09408946932629471,48.743826750157346,live_camera
2026-01-31T02:45:50.210762+00:00,0.0006,0.0,0.0,2.0,1.2,9.951885354941062,15.1,0.6,1.6066157434554744,0.0,0.0010746593601708861,0.537329680085443,live_camera
2026-01-31T02:45:53.962358+00:00,0.0017,20.340000000000007,20.340000000000007,6.0,3.5999999999999996,9.85497828881378,15.1,0.6,2.778899641637793,3.208551833381592e-05,0.0017274884967807857,1.0200333782368183,live_camera
2026-01-31T02:45:57.917746+00:00,0.03,,80.0,0.0,0.0,9.999999999999991,15.1,0.6,100.0,0.09511927329270196,0.09499864156607299,53.68432851561885,live_camera
2026-01-31T02:46:02.032864+00:00,0.03,,80.0,0.0,0.0,9.999999999999991,15.1,0.6,100.0,0.11686520648857018,0.09614444696700235,52.12012135652147,live_camera
2026-01-31T02:46:06.143061+00:00,0.03,,80.0,0.0,0.0,9.999999999999991,15.1,0.6,100.0,0.12050001775887138,0.09498741103148521,50.28659672889527,live_camera
2026-01-31T02:46:10.035053+00:00,0.03,,80.0,0.0,0.0,9.999999999999991,15.1,0.6,100.0,0.11770283096259035,0.09421589871443725,51.60131477531702,live_camera
2026-01-31T02:46:13.841229+00:00,0.03,,80.0,0.0,0.0,9.999999999999991,15.1,0.6,100.0,0.11865557784765733,0.09407524334837646,53.36914410657976,live_camera
2026-01-31T02:46:17.872621+00:00,0.03,,80.0,0.0,0.0,9.999999999999991,15.1,0.6,100.0,0.1266241214255416,0.09357722913078291,49.556758296646834,live_camera
2026-01-31T02:46:21.828973+00:00,0.03,,80.0,0.0,0.0,9.999999999999991,15.1,0.6,100.0,0.12857069994420994,0.09507059104885798,50.05891183602953,live_camera
2026-01-31T02:46:25.863131+00:00,0.03,,80.0,0.0,0.0,9.999999999999991,15.1,0.6,100.0,0.10660331794115223,0.09469239154479413,50.336189099028395,live_camera
2026-01-31T02:46:29.703428+00:00,0.03,,80.0,0.0,0.0,9.999999999999991,15.1,0.6,100.0,0.12990083762307886,0.09370758935611127,52.477332092548146,live_camera
2026-01-31T02:46:33.576526+00:00,0.03,,80.0,0.0,0.0,9.999999999999991,15.1,0.6,100.0,0.11568723144730397,0.09350096159362313,51.5158735313883,live_camera
2026-01-31T02:46:37.547812+00:00,0.03,,80.0,0.0,0.0,9.999999999999991,15.1,0.6,100.0,0.11737732580773078,0.09432385740051451,51.632669979088654,live_camera
2026-01-31T02:46:41.369134+00:00,0.03,,80.0,0.0,0.0,9.999999999999991,15.1,0.6,100.0,0.10756624768835517,0.0935063906270618,51.215926742141136,live_camera
2026-01-31T02:46:45.195345+00:00,0.03,,80.0,0.0,0.0,9.999999999999991,15.1,0.6,100.0,0.14342726778488857,0.09546848491056385,52.297553145726575,live_camera
2026-01-31T02:46:49.199932+00:00,0.03,,80.0,0.0,0.0,9.999999999999991,15.1,0.6,100.0,0.10299919172007381,0.09464733692832296,49.379935338524696,live_camera
2026-01-31T02:46:53.225151+00:00,0.03,,80.0,0.0,0.0,9.999999999999991,15.1,0.6,100.0,0.09225925834799852,0.09367063970628714,51.679777376259175,live_camera
2026-01-31T02:46:56.865107+00:00,0.0006,,80.0,2.0,1.2,9.951885354941062,15.1,0.6,100.0,0.14287181631594134,0.0932977478694708,49.16603476970616,live_camera
2026-01-31T02:47:00.857144+00:00,0.03,,80.0,0.0,0.0,9.999999999999991,15.1,0.6,100.0,0.12967757992393422,0.0951481603501132,52.811086360696,live_camera
2026-01-31T02:47:05.593135+00:00,0.03,,80.0,0.0,0.0,9.999999999999991,15.1,0.6,100.0,0.11259375230556316,0.09576787770892067,49.83211515939218,live_camera
2026-01-31T02:47:09.506679+00:00,0.03,,80.0,0.0,0.0,9.999999999999991,15.1,0.6,100.0,0.12963693979492477,0.09451123879014635,51.19169994510386,live_camera
2026-01-31T02:47:13.430617+00:00,0.03,,80.0,0.0,0.0,9.999999999999991,15.1,0.6,100.0,0.11073251893580405,0.0942904422828723,53.968045997853785,live_camera
2026-01-31T02:47:17.403194+00:00,0.03,,80.0,0.0,0.0,9.999999999999991,15.1,0.6,100.0,0.11841864519121548,0.09511452747369561,52.04233725048779,live_camera
2026-01-31T02:47:22.349627+00:00,0.03,,80.0,0.0,0.0,9.999999999999991,15.1,0.6,100.0,0.124500202671912,0.09605049413073785,52.20894411386996,live_camera
2026-01-31T02:47:26.335734+00:00,0.03,,80.0,0.0,0.0,9.999999999999991,15.1,0.6,100.0,0.11380978043527859,0.09444100338616888,50.37269486529308,live_camera
2026-01-31T02:47:31.196913+00:00,0.03,,80.0,0.0,0.0,9.999999999999991,15.1,0.6,100.0,0.12095366786323997,0.09537983669862683,52.83143082950856,live_camera
2026-01-31T02:47:35.318240+00:00,0.03,,80.0,0.0,0.0,9.999999999999991,15.1,0.6,100.0,0.1141981671934941,0.09430028336842279,53.137763533784025,live_camera
2026-01-31T02:47:39.107659+00:00,0.03,,80.0,0.0,0.0,9.999999999999991,15.1,0.6,100.0,0.1337908054753847,0.09396585349076546,50.20312539936134,live_camera
2026-01-31T02:47:42.985736+00:00,0.03,,80.0,0.0,0.0,9.999999999999991,15.1,0.6,100.0,0.13374166962716086,0.09521674117241276,52.27858459235721,live_camera
2026-01-31T02:47:46.825543+00:00,0.03,,80.0,0.0,0.0,9.999999999999991,15.1,0.6,100.0,0.1265508633507612,0.09444839096965932,49.769464376299034,live_camera
2026-01-31T02:47:50.865433+00:00,0.03,,80.0,0.0,0.0,9.999999999999991,15.1,0.6,100.0,0.12268967989863896,0.09434708904944634,49.95344812529729,live_camera
2026-01-31T02:47:54.729376+00:00,0.03,,80.0,0.0,0.0,9.999999999999991,15.1,0.6,100.0,0.1119008259222253,0.09452638075257301,51.38116764081493,live_camera
2026-01-31T02:48:01.034780+00:00,0.03,,80.0,0.0,0.0,9.999999999999991,15.1,0.6,100.0,0.11764206389537671,0.09544916062935077,51.58665500402364,live_camera
2026-01-31T02:48:04.794641+00:00,0.03,,80.0,0.0,0.0,9.999999999999991,15.1,0.6,100.0,0.1125351412182448,0.09487418209781935,50.63993957637554,live_camera
2026-01-31T02:48:08.675877+00:00,0.0006,,80.0,2.0,1.2,9.951885354941062,15.1,0.6,100.0,0.14700882569593693,0.09263833126043731,48.079116720630765,live_camera
2026-01-31T02:48:12.509328+00:00,0.03,,80.0,0.0,0.0,9.999999999999991,15.1,0.6,100.0,0.12680925845692032,0.094025872653173,50.805976431751,live_camera
2026-01-31T02:48:16.442953+00:00,0.03,,80.0,0.0,0.0,9.999999999999991,15.1,0.6,100.0,0.10519202619027514,0.09583585748506737,49.8830545120543,live_camera
2026-01-31T02:48:20.438598+00:00,0.03,,80.0,0.0,0.0,9.999999999999991,15.1,0.6,100.0,0.12106769976524125,0.0938676280423493,50.5187821578849,live_camera
2026-01-31T02:48:24.214277+00:00,0.03,,80.0,0.0,0.0,9.999999999999991,15.1,0.6,100.0,0.1148416440461275,0.09521924697817638,51.87782256107724,live_camera
2026-01-31T02:48:28.077341+00:00,0.03,,80.0,0.0,0.0,9.999999999999991,15.1,0.6,100.0,0.14861769648685413,0.09488013986235098,50.916204614449235,live_camera
2026-01-31T02:48:31.965013+00:00,0.03,,80.0,0.0,0.0,9.999999999999991,15.1,0.6,100.0,0.12866158446302098,0.0938498809996664,49.87842454026008,live_camera
2026-01-31T02:48:36.697658+00:00,0.03,,80.0,0.0,0.0,9.999999999999991,15.1,0.6,100.0,0.10756692039866093,0.09330036480061342,51.285750887171346,live_camera
2026-01-31T02:48:40.794802+00:00,0.03,,80.0,0.0,0.0,9.999999999999991,15.1,0.6,100.0,0.11581808690597586,0.09526674614673461,49.818172253885535,live_camera
2026-01-31T02:48:44.778059+00:00,0.03,,80.0,0.0,0.0,9.999999999999991,15.1,0.6,100.0,0.15043847871533772,0.09382120686285308,53.36688342815583,live_camera
2026-01-31T02:48:48.688062+00:00,0.03,,80.0,0.0,0.0,9.999999999999991,15.1,0.6,100.0,0.13390010586320186,0.09554202954978078,51.279020101795815,live_camera
2026-01-31T02:48:52.570489+00:00,0.03,,80.0,0.0,0.0,9.999999999999991,15.1,0.6,100.0,0.13455140090261158,0.09424507573510138,50.83391388005006,live_camera
2026-01-31T02:48:56.544796+00:00,0.03,,80.0,0.0,0.0,9.999999999999991,15.1,0.6,100.0,0.11836225412590247,0.09187774946239478,48.910932931700096,live_camera
2026-01-31T02:49:00.502163+00:00,0.0006,,80.0,2.0,1.2,9.951885354941062,15.1,0.6,100.0,0.12597685384922275,0.0949161769877913,48.62165731676675,live_camera
